well,term,estimate
A_1_Mu_0.1_Lag_0,Lag,-0.08482173885813402
A_1_Mu_0.1_Lag_0,Mu,0.09744003399106749
A_1_Mu_0.1_Lag_0,A,1.0116019282274396
A_1_Mu_0.1_Lag_2,Lag,2.0316594238415266
A_1_Mu_0.1_Lag_2,Mu,0.09976008121519597
A_1_Mu_0.1_Lag_2,A,1.001034605612876
A_1_Mu_0.1_Lag_4,Lag,3.979955236392952
A_1_Mu_0.1_Lag_4,Mu,0.09962053666843142
A_1_Mu_0.1_Lag_4,A,1.007210027466411
A_1_Mu_0.1_Lag_6,Lag,6.0265761992434355
A_1_Mu_0.1_Lag_6,Mu,0.10135580145381344
A_1_Mu_0.1_Lag_6,A,1.0083264749898275
A_1_Mu_0.1_Lag_8,Lag,7.975562573170138
A_1_Mu_0.1_Lag_8,Mu,0.09855920756238588
A_1_Mu_0.1_Lag_8,A,1.0034112530711883
A_1_Mu_0.1_Lag_10,Lag,9.970885764393804
A_1_Mu_0.1_Lag_10,Mu,0.10082714843580437
A_1_Mu_0.1_Lag_10,A,1.0061330294292057
A_1_Mu_0.2_Lag_0,Lag,-0.11806206110174891
A_1_Mu_0.2_Lag_0,Mu,0.18845137006150003
A_1_Mu_0.2_Lag_0,A,1.004386556072505
A_1_Mu_0.2_Lag_2,Lag,1.992676719677027
A_1_Mu_0.2_Lag_2,Mu,0.1962280996339045
A_1_Mu_0.2_Lag_2,A,1.0158370341759773
A_1_Mu_0.2_Lag_4,Lag,3.9759561695556815
A_1_Mu_0.2_Lag_4,Mu,0.19675306940016035
A_1_Mu_0.2_Lag_4,A,1.0124378126204032
A_1_Mu_0.2_Lag_6,Lag,5.918558640862411
A_1_Mu_0.2_Lag_6,Mu,0.189478087741793
A_1_Mu_0.2_Lag_6,A,1.0070593340301979
A_1_Mu_0.2_Lag_8,Lag,7.821005451673604
A_1_Mu_0.2_Lag_8,Mu,0.1852991781617529
A_1_Mu_0.2_Lag_8,A,1.0125661021077463
A_1_Mu_0.2_Lag_10,Lag,9.935852769558739
A_1_Mu_0.2_Lag_10,Mu,0.1909969920092676
A_1_Mu_0.2_Lag_10,A,1.0060959888301624
A_1_Mu_0.3_Lag_0,Lag,-0.1717673521268614
A_1_Mu_0.3_Lag_0,Mu,0.268018791143092
A_1_Mu_0.3_Lag_0,A,1.0081810470893118
A_1_Mu_0.3_Lag_2,Lag,1.9530672526212087
A_1_Mu_0.3_Lag_2,Mu,0.28658356035449056
A_1_Mu_0.3_Lag_2,A,1.013191576805867
A_1_Mu_0.3_Lag_4,Lag,4.009399798727195
A_1_Mu_0.3_Lag_4,Mu,0.30068562775665103
A_1_Mu_0.3_Lag_4,A,1.0121542389787062
A_1_Mu_0.3_Lag_6,Lag,5.88528215364311
A_1_Mu_0.3_Lag_6,Mu,0.27920214569094093
A_1_Mu_0.3_Lag_6,A,1.0133370627784204
A_1_Mu_0.3_Lag_8,Lag,8.001697156843976
A_1_Mu_0.3_Lag_8,Mu,0.2997279455716799
A_1_Mu_0.3_Lag_8,A,1.0152111305408473
A_1_Mu_0.3_Lag_10,Lag,9.945446814333371
A_1_Mu_0.3_Lag_10,Mu,0.28821444154874093
A_1_Mu_0.3_Lag_10,A,1.0069726838028492
A_1_Mu_0.4_Lag_0,Lag,-0.15624781238779822
A_1_Mu_0.4_Lag_0,Mu,0.3552707961197765
A_1_Mu_0.4_Lag_0,A,1.0086844586002575
A_1_Mu_0.4_Lag_2,Lag,1.9208192034732543
A_1_Mu_0.4_Lag_2,Mu,0.3705990240115679
A_1_Mu_0.4_Lag_2,A,1.0159589359641186
A_1_Mu_0.4_Lag_4,Lag,3.9368184294786057
A_1_Mu_0.4_Lag_4,Mu,0.3714074411901176
A_1_Mu_0.4_Lag_4,A,1.0136017621137918
A_1_Mu_0.4_Lag_6,Lag,5.95975187047714
A_1_Mu_0.4_Lag_6,Mu,0.3877624797807733
A_1_Mu_0.4_Lag_6,A,1.0171982611320411
A_1_Mu_0.4_Lag_8,Lag,7.886456931371524
A_1_Mu_0.4_Lag_8,Mu,0.3600561278774287
A_1_Mu_0.4_Lag_8,A,1.0104008790697125
A_1_Mu_0.4_Lag_10,Lag,9.944700497776267
A_1_Mu_0.4_Lag_10,Mu,0.3769330188683626
A_1_Mu_0.4_Lag_10,A,1.0127294120743482
A_1_Mu_0.5_Lag_0,Lag,-0.13394506635613096
A_1_Mu_0.5_Lag_0,Mu,0.43617010079332524
A_1_Mu_0.5_Lag_0,A,1.0087576358113146
A_1_Mu_0.5_Lag_2,Lag,1.9043736460553773
A_1_Mu_0.5_Lag_2,Mu,0.44291577488920136
A_1_Mu_0.5_Lag_2,A,1.0146159801617909
A_1_Mu_0.5_Lag_4,Lag,3.937975979024595
A_1_Mu_0.5_Lag_4,Mu,0.46038891258690484
A_1_Mu_0.5_Lag_4,A,1.0164052359355231
A_1_Mu_0.5_Lag_6,Lag,5.948580649378282
A_1_Mu_0.5_Lag_6,Mu,0.45838555402497494
A_1_Mu_0.5_Lag_6,A,1.012146042536751
A_1_Mu_0.5_Lag_8,Lag,7.93750236780922
A_1_Mu_0.5_Lag_8,Mu,0.46159506672954276
A_1_Mu_0.5_Lag_8,A,1.0137448864335705
A_1_Mu_0.5_Lag_10,Lag,9.983651439123193
A_1_Mu_0.5_Lag_10,Mu,0.4724477273145512
A_1_Mu_0.5_Lag_10,A,1.013045227519602
A_1_Mu_0.6_Lag_0,Lag,-0.12557923295574416
A_1_Mu_0.6_Lag_0,Mu,0.5191259796617641
A_1_Mu_0.6_Lag_0,A,1.0106483597485987
A_1_Mu_0.6_Lag_2,Lag,1.930827920022881
A_1_Mu_0.6_Lag_2,Mu,0.5429213792349898
A_1_Mu_0.6_Lag_2,A,1.0128875279250846
A_1_Mu_0.6_Lag_4,Lag,3.906519028449245
A_1_Mu_0.6_Lag_4,Mu,0.5221481243225671
A_1_Mu_0.6_Lag_4,A,1.0171600564871435
A_1_Mu_0.6_Lag_6,Lag,5.84470829481911
A_1_Mu_0.6_Lag_6,Mu,0.4853360061320209
A_1_Mu_0.6_Lag_6,A,1.0130940880500785
A_1_Mu_0.6_Lag_8,Lag,7.904708932035241
A_1_Mu_0.6_Lag_8,Mu,0.5220471130862661
A_1_Mu_0.6_Lag_8,A,1.016342315829442
A_1_Mu_0.6_Lag_10,Lag,9.86699051311693
A_1_Mu_0.6_Lag_10,Mu,0.504123087172608
A_1_Mu_0.6_Lag_10,A,1.0166643771570136
A_1_Mu_0.7_Lag_0,Lag,-0.13679640077754687
A_1_Mu_0.7_Lag_0,Mu,0.5870228423710009
A_1_Mu_0.7_Lag_0,A,1.017259216149153
A_1_Mu_0.7_Lag_2,Lag,0.49209961300044297
A_1_Mu_0.7_Lag_2,Mu,1.164915650315002
A_1_Mu_0.7_Lag_2,A,1.0184477950548299
A_1_Mu_0.7_Lag_4,Lag,0.4945651830922851
A_1_Mu_0.7_Lag_4,Mu,1.115563033862312
A_1_Mu_0.7_Lag_4,A,1.02154408263532
A_1_Mu_0.7_Lag_6,Lag,5.955658649277642
A_1_Mu_0.7_Lag_6,Mu,0.6472405018189881
A_1_Mu_0.7_Lag_6,A,1.012375565569428
A_1_Mu_0.7_Lag_8,Lag,7.955250837670465
A_1_Mu_0.7_Lag_8,Mu,0.6324959580791761
A_1_Mu_0.7_Lag_8,A,1.0131619062339505
A_1_Mu_0.7_Lag_10,Lag,9.971959350593558
A_1_Mu_0.7_Lag_10,Mu,0.6641394854153939
A_1_Mu_0.7_Lag_10,A,1.015609829596011
A_1_Mu_0.8_Lag_0,Lag,0.051399698104030195
A_1_Mu_0.8_Lag_0,Mu,0.9257143977301006
A_1_Mu_0.8_Lag_0,A,1.0258284111844411
A_1_Mu_0.8_Lag_2,Lag,1.8984657714506061
A_1_Mu_0.8_Lag_2,Mu,0.6665713251511773
A_1_Mu_0.8_Lag_2,A,1.0184603871797915
A_1_Mu_0.8_Lag_4,Lag,3.9411669558720717
A_1_Mu_0.8_Lag_4,Mu,0.695741475311483
A_1_Mu_0.8_Lag_4,A,1.0226684604935237
A_1_Mu_0.8_Lag_6,Lag,5.914367670393513
A_1_Mu_0.8_Lag_6,Mu,0.6855214404791073
A_1_Mu_0.8_Lag_6,A,1.0115787508716363
A_1_Mu_0.8_Lag_8,Lag,7.956344638671703
A_1_Mu_0.8_Lag_8,Mu,0.7246676774609186
A_1_Mu_0.8_Lag_8,A,1.0178081436537527
A_1_Mu_0.8_Lag_10,Lag,9.99579922424411
A_1_Mu_0.8_Lag_10,Mu,0.7589621430070843
A_1_Mu_0.8_Lag_10,A,1.0193482675323535
A_1_Mu_0.9_Lag_0,Lag,-0.11320993570270398
A_1_Mu_0.9_Lag_0,Mu,0.7634548639587809
A_1_Mu_0.9_Lag_0,A,1.014604986384813
A_1_Mu_0.9_Lag_2,Lag,1.9581392215224027
A_1_Mu_0.9_Lag_2,Mu,0.8175733895596234
A_1_Mu_0.9_Lag_2,A,1.018265424510339
A_1_Mu_0.9_Lag_4,Lag,3.938754381905506
A_1_Mu_0.9_Lag_4,Mu,0.787496919518497
A_1_Mu_0.9_Lag_4,A,1.0336566049050837
A_1_Mu_0.9_Lag_6,Lag,5.876110654514077
A_1_Mu_0.9_Lag_6,Mu,0.6943233253324537
A_1_Mu_0.9_Lag_6,A,1.0194131683247372
A_1_Mu_0.9_Lag_8,Lag,7.9132435073306135
A_1_Mu_0.9_Lag_8,Mu,0.6942165659267633
A_1_Mu_0.9_Lag_8,A,1.014148286741296
A_1_Mu_0.9_Lag_10,Lag,9.831551092766095
A_1_Mu_0.9_Lag_10,Mu,0.6311879734562683
A_1_Mu_0.9_Lag_10,A,1.0089161962905684
A_1_Mu_1_Lag_0,Lag,-0.07418706893902074
A_1_Mu_1_Lag_0,Mu,0.9400714612423883
A_1_Mu_1_Lag_0,A,1.013391553127707
A_1_Mu_1_Lag_2,Lag,0.4969049727179154
A_1_Mu_1_Lag_2,Mu,2.8893656762001623
A_1_Mu_1_Lag_2,A,1.0125318139937354
A_1_Mu_1_Lag_4,Lag,3.9458862714983094
A_1_Mu_1_Lag_4,Mu,0.8373234264725913
A_1_Mu_1_Lag_4,A,1.0195474505579398
A_1_Mu_1_Lag_6,Lag,5.93872630216957
A_1_Mu_1_Lag_6,Mu,0.886857093491362
A_1_Mu_1_Lag_6,A,1.0222373331959222
A_1_Mu_1_Lag_8,Lag,7.873744604176924
A_1_Mu_1_Lag_8,Mu,0.772114355624655
A_1_Mu_1_Lag_8,A,1.0165985926248104
A_1_Mu_1_Lag_10,Lag,9.8241124260478
A_1_Mu_1_Lag_10,Mu,0.6990071545490011
A_1_Mu_1_Lag_10,A,1.0121738281453592
A_2_Mu_0.1_Lag_0,Lag,-0.050503282350419634
A_2_Mu_0.1_Lag_0,Mu,0.099633722830563
A_2_Mu_0.1_Lag_0,A,1.9996380430034215
A_2_Mu_0.1_Lag_2,Lag,2.1945192509499267
A_2_Mu_0.1_Lag_2,Mu,0.10281904269420657
A_2_Mu_0.1_Lag_2,A,1.9911064834373904
A_2_Mu_0.1_Lag_4,Lag,3.9705759304736943
A_2_Mu_0.1_Lag_4,Mu,0.09900805820826138
A_2_Mu_0.1_Lag_4,A,1.975528668358815
A_2_Mu_0.1_Lag_6,Lag,6.085430269394851
A_2_Mu_0.1_Lag_6,Mu,0.10101621822174968
A_2_Mu_0.1_Lag_6,A,1.9784070001741536
A_2_Mu_0.1_Lag_8,Lag,7.964810660276457
A_2_Mu_0.1_Lag_8,Mu,0.09936123844549989
A_2_Mu_0.1_Lag_8,A,1.9790145401180468
A_2_Mu_0.1_Lag_10,Lag,10.14127816067166
A_2_Mu_0.1_Lag_10,Mu,0.10184428917944166
A_2_Mu_0.1_Lag_10,A,1.9695671687219987
A_2_Mu_0.2_Lag_0,Lag,-0.13812631820357996
A_2_Mu_0.2_Lag_0,Mu,0.1931461110672681
A_2_Mu_0.2_Lag_0,A,2.0034011863129244
A_2_Mu_0.2_Lag_2,Lag,1.911751820937689
A_2_Mu_0.2_Lag_2,Mu,0.1960779710509133
A_2_Mu_0.2_Lag_2,A,2.0100437448497743
A_2_Mu_0.2_Lag_4,Lag,3.9681876239409593
A_2_Mu_0.2_Lag_4,Mu,0.19880144647148357
A_2_Mu_0.2_Lag_4,A,2.0046581267490757
A_2_Mu_0.2_Lag_6,Lag,6.056318577438531
A_2_Mu_0.2_Lag_6,Mu,0.2020118397553704
A_2_Mu_0.2_Lag_6,A,2.0086435211908524
A_2_Mu_0.2_Lag_8,Lag,7.902506003259022
A_2_Mu_0.2_Lag_8,Mu,0.19535611397840796
A_2_Mu_0.2_Lag_8,A,2.0036217434193744
A_2_Mu_0.2_Lag_10,Lag,9.930491948135334
A_2_Mu_0.2_Lag_10,Mu,0.19656205629903878
A_2_Mu_0.2_Lag_10,A,2.0081598766639113
A_2_Mu_0.3_Lag_0,Lag,-0.09341424393550586
A_2_Mu_0.3_Lag_0,Mu,0.29081808786923363
A_2_Mu_0.3_Lag_0,A,2.0063020082500915
A_2_Mu_0.3_Lag_2,Lag,1.930211499013524
A_2_Mu_0.3_Lag_2,Mu,0.29407928357758223
A_2_Mu_0.3_Lag_2,A,2.009829108099384
A_2_Mu_0.3_Lag_4,Lag,4.010720557405364
A_2_Mu_0.3_Lag_4,Mu,0.2972540959911408
A_2_Mu_0.3_Lag_4,A,2.009908633260283
A_2_Mu_0.3_Lag_6,Lag,5.862265400042279
A_2_Mu_0.3_Lag_6,Mu,0.2837279302099739
A_2_Mu_0.3_Lag_6,A,2.0054507309437546
A_2_Mu_0.3_Lag_8,Lag,7.981289361640092
A_2_Mu_0.3_Lag_8,Mu,0.2979548718800185
A_2_Mu_0.3_Lag_8,A,2.0085570386825036
A_2_Mu_0.3_Lag_10,Lag,9.872495987434766
A_2_Mu_0.3_Lag_10,Mu,0.2887379776715166
A_2_Mu_0.3_Lag_10,A,2.013185542105558
A_2_Mu_0.4_Lag_0,Lag,-0.0701023168614372
A_2_Mu_0.4_Lag_0,Mu,0.38458409515545905
A_2_Mu_0.4_Lag_0,A,2.0093268001756237
A_2_Mu_0.4_Lag_2,Lag,2.037624282360347
A_2_Mu_0.4_Lag_2,Mu,0.4080239631036456
A_2_Mu_0.4_Lag_2,A,2.014080522273798
A_2_Mu_0.4_Lag_4,Lag,3.915055460790558
A_2_Mu_0.4_Lag_4,Mu,0.38084656259700833
A_2_Mu_0.4_Lag_4,A,2.0052992539636536
A_2_Mu_0.4_Lag_6,Lag,5.960092011571446
A_2_Mu_0.4_Lag_6,Mu,0.39006642101634814
A_2_Mu_0.4_Lag_6,A,2.011870981907687
A_2_Mu_0.4_Lag_8,Lag,7.889330278459536
A_2_Mu_0.4_Lag_8,Mu,0.37605776870138047
A_2_Mu_0.4_Lag_8,A,2.0207532881373487
A_2_Mu_0.4_Lag_10,Lag,9.969862120078725
A_2_Mu_0.4_Lag_10,Mu,0.3947190536096045
A_2_Mu_0.4_Lag_10,A,2.0131909398165386
A_2_Mu_0.5_Lag_0,Lag,-0.0450771169605313
A_2_Mu_0.5_Lag_0,Mu,0.48289124155854973
A_2_Mu_0.5_Lag_0,A,2.01599992575464
A_2_Mu_0.5_Lag_2,Lag,1.9845636724152056
A_2_Mu_0.5_Lag_2,Mu,0.5000333306498789
A_2_Mu_0.5_Lag_2,A,2.0130759624899768
A_2_Mu_0.5_Lag_4,Lag,4.019979730087592
A_2_Mu_0.5_Lag_4,Mu,0.5103397582217275
A_2_Mu_0.5_Lag_4,A,2.009479281316603
A_2_Mu_0.5_Lag_6,Lag,5.97093900752327
A_2_Mu_0.5_Lag_6,Mu,0.49721454744522137
A_2_Mu_0.5_Lag_6,A,2.015119417374083
A_2_Mu_0.5_Lag_8,Lag,7.948731152201861
A_2_Mu_0.5_Lag_8,Mu,0.48544697748284876
A_2_Mu_0.5_Lag_8,A,2.0087672016360627
A_2_Mu_0.5_Lag_10,Lag,10.01395383541733
A_2_Mu_0.5_Lag_10,Mu,0.5041761582637005
A_2_Mu_0.5_Lag_10,A,2.008429407997493
A_2_Mu_0.6_Lag_0,Lag,-0.057663410898955374
A_2_Mu_0.6_Lag_0,Mu,0.5676187533026007
A_2_Mu_0.6_Lag_0,A,2.015607328375337
A_2_Mu_0.6_Lag_2,Lag,1.971220422318153
A_2_Mu_0.6_Lag_2,Mu,0.5884330881616927
A_2_Mu_0.6_Lag_2,A,2.0225519836643993
A_2_Mu_0.6_Lag_4,Lag,3.9605614771495463
A_2_Mu_0.6_Lag_4,Mu,0.5776486710259946
A_2_Mu_0.6_Lag_4,A,2.010131519248237
A_2_Mu_0.6_Lag_6,Lag,5.9545445442175895
A_2_Mu_0.6_Lag_6,Mu,0.5793061204832206
A_2_Mu_0.6_Lag_6,A,2.0180090747366854
A_2_Mu_0.6_Lag_8,Lag,7.960181561972659
A_2_Mu_0.6_Lag_8,Mu,0.5719394072474323
A_2_Mu_0.6_Lag_8,A,2.0175924973173953
A_2_Mu_0.6_Lag_10,Lag,9.983936192486473
A_2_Mu_0.6_Lag_10,Mu,0.5867260900258339
A_2_Mu_0.6_Lag_10,A,2.011008799540995
A_2_Mu_0.7_Lag_0,Lag,-0.029942067795575115
A_2_Mu_0.7_Lag_0,Mu,0.6864561338209326
A_2_Mu_0.7_Lag_0,A,2.015678967958599
A_2_Mu_0.7_Lag_2,Lag,1.962751761890984
A_2_Mu_0.7_Lag_2,Mu,0.6642678896416812
A_2_Mu_0.7_Lag_2,A,2.0143434013247203
A_2_Mu_0.7_Lag_4,Lag,3.9728572356562273
A_2_Mu_0.7_Lag_4,Mu,0.6891569941156148
A_2_Mu_0.7_Lag_4,A,2.0160959586795655
A_2_Mu_0.7_Lag_6,Lag,5.994497466120594
A_2_Mu_0.7_Lag_6,Mu,0.6896292798447264
A_2_Mu_0.7_Lag_6,A,2.0170429369367615
A_2_Mu_0.7_Lag_8,Lag,7.97098674685916
A_2_Mu_0.7_Lag_8,Mu,0.6794404726539329
A_2_Mu_0.7_Lag_8,A,2.017534115393478
A_2_Mu_0.7_Lag_10,Lag,9.963818030750277
A_2_Mu_0.7_Lag_10,Mu,0.6723787020988748
A_2_Mu_0.7_Lag_10,A,2.0128997704465625
A_2_Mu_0.8_Lag_0,Lag,-0.061430131578892704
A_2_Mu_0.8_Lag_0,Mu,0.7532450884891366
A_2_Mu_0.8_Lag_0,A,2.012267105145628
A_2_Mu_0.8_Lag_2,Lag,1.9935873990574617
A_2_Mu_0.8_Lag_2,Mu,0.7910769454482162
A_2_Mu_0.8_Lag_2,A,2.013191237943933
A_2_Mu_0.8_Lag_4,Lag,3.977672851393513
A_2_Mu_0.8_Lag_4,Mu,0.7763700233855318
A_2_Mu_0.8_Lag_4,A,2.0119957672272486
A_2_Mu_0.8_Lag_6,Lag,5.981440856880588
A_2_Mu_0.8_Lag_6,Mu,0.7970865083625905
A_2_Mu_0.8_Lag_6,A,2.0203596149169316
A_2_Mu_0.8_Lag_8,Lag,8.00725276102377
A_2_Mu_0.8_Lag_8,Mu,0.793951628305973
A_2_Mu_0.8_Lag_8,A,2.014180976965878
A_2_Mu_0.8_Lag_10,Lag,10.024698631560947
A_2_Mu_0.8_Lag_10,Mu,0.8238121859994837
A_2_Mu_0.8_Lag_10,A,2.0138482489423426
A_2_Mu_0.9_Lag_0,Lag,-0.055113200895328715
A_2_Mu_0.9_Lag_0,Mu,0.8470338514366321
A_2_Mu_0.9_Lag_0,A,2.01478961360774
A_2_Mu_0.9_Lag_2,Lag,1.9518158360546085
A_2_Mu_0.9_Lag_2,Mu,0.8435051129732827
A_2_Mu_0.9_Lag_2,A,2.0168679229317967
A_2_Mu_0.9_Lag_4,Lag,3.9780254936805446
A_2_Mu_0.9_Lag_4,Mu,0.8665050199660808
A_2_Mu_0.9_Lag_4,A,2.017308098631599
A_2_Mu_0.9_Lag_6,Lag,5.970099902476514
A_2_Mu_0.9_Lag_6,Mu,0.8612557932913106
A_2_Mu_0.9_Lag_6,A,2.0115166464731558
A_2_Mu_0.9_Lag_8,Lag,7.960054106252984
A_2_Mu_0.9_Lag_8,Mu,0.8632528630274862
A_2_Mu_0.9_Lag_8,A,2.0175961149020685
A_2_Mu_0.9_Lag_10,Lag,9.94981578387154
A_2_Mu_0.9_Lag_10,Mu,0.8503374695089744
A_2_Mu_0.9_Lag_10,A,2.014199328877689
A_2_Mu_1_Lag_0,Lag,-0.11684266119875111
A_2_Mu_1_Lag_0,Mu,0.8968215522639832
A_2_Mu_1_Lag_0,A,2.0129325275677012
A_2_Mu_1_Lag_2,Lag,1.9462264788673003
A_2_Mu_1_Lag_2,Mu,0.9230276276797599
A_2_Mu_1_Lag_2,A,2.016306289643944
A_2_Mu_1_Lag_4,Lag,3.940722994292165
A_2_Mu_1_Lag_4,Mu,0.9348344014411606
A_2_Mu_1_Lag_4,A,2.019379706550631
A_2_Mu_1_Lag_6,Lag,5.907829569035631
A_2_Mu_1_Lag_6,Mu,0.9012488185796423
A_2_Mu_1_Lag_6,A,2.0154420858160527
A_2_Mu_1_Lag_8,Lag,7.940775146791235
A_2_Mu_1_Lag_8,Mu,0.920020260705582
A_2_Mu_1_Lag_8,A,2.017755955409088
A_2_Mu_1_Lag_10,Lag,9.978224224783203
A_2_Mu_1_Lag_10,Mu,0.9635691791775575
A_2_Mu_1_Lag_10,A,2.015487961566957
A_3_Mu_0.1_Lag_0,Lag,0.02850651066862242
A_3_Mu_0.1_Lag_0,Mu,0.10082187833640255
A_3_Mu_0.1_Lag_0,A,2.8968517467842174
A_3_Mu_0.1_Lag_2,Lag,2.26074181323564
A_3_Mu_0.1_Lag_2,Mu,0.10355269237807364
A_3_Mu_0.1_Lag_2,A,2.88165678101171
A_3_Mu_0.1_Lag_4,Lag,4.190966866766563
A_3_Mu_0.1_Lag_4,Mu,0.10140915846688602
A_3_Mu_0.1_Lag_4,A,2.843182654691349
A_3_Mu_0.1_Lag_6,Lag,6.129769041438959
A_3_Mu_0.1_Lag_6,Mu,0.1012608050408555
A_3_Mu_0.1_Lag_6,A,2.8427352262804355
A_3_Mu_0.1_Lag_8,Lag,7.9251087490960606
A_3_Mu_0.1_Lag_8,Mu,0.0993221084367973
A_3_Mu_0.1_Lag_8,A,2.7946657779620474
A_3_Mu_0.1_Lag_10,Lag,10.113910644835993
A_3_Mu_0.1_Lag_10,Mu,0.10096941162650097
A_3_Mu_0.1_Lag_10,A,2.7545332262495856
A_3_Mu_0.2_Lag_0,Lag,-0.1427028512360607
A_3_Mu_0.2_Lag_0,Mu,0.1945749857299949
A_3_Mu_0.2_Lag_0,A,3.003675047038855
A_3_Mu_0.2_Lag_2,Lag,2.3024728662442824
A_3_Mu_0.2_Lag_2,Mu,0.21247410835074843
A_3_Mu_0.2_Lag_2,A,3.0068517288942767
A_3_Mu_0.2_Lag_4,Lag,3.892675667143982
A_3_Mu_0.2_Lag_4,Mu,0.19640024075581117
A_3_Mu_0.2_Lag_4,A,2.995075347412728
A_3_Mu_0.2_Lag_6,Lag,6.013196976455656
A_3_Mu_0.2_Lag_6,Mu,0.20016426256948652
A_3_Mu_0.2_Lag_6,A,3.0016503129305923
A_3_Mu_0.2_Lag_8,Lag,8.078215458114844
A_3_Mu_0.2_Lag_8,Mu,0.20186788707083925
A_3_Mu_0.2_Lag_8,A,2.998464644966973
A_3_Mu_0.2_Lag_10,Lag,10.02392253464788
A_3_Mu_0.2_Lag_10,Mu,0.1991476445834133
A_3_Mu_0.2_Lag_10,A,2.9941934627407214
A_3_Mu_0.3_Lag_0,Lag,-0.06087313726038909
A_3_Mu_0.3_Lag_0,Mu,0.2973241299530009
A_3_Mu_0.3_Lag_0,A,3.010569065829094
A_3_Mu_0.3_Lag_2,Lag,2.0665646459325884
A_3_Mu_0.3_Lag_2,Mu,0.30336670878483024
A_3_Mu_0.3_Lag_2,A,3.009710412934875
A_3_Mu_0.3_Lag_4,Lag,3.995852090299758
A_3_Mu_0.3_Lag_4,Mu,0.3001022024790528
A_3_Mu_0.3_Lag_4,A,3.003477800178899
A_3_Mu_0.3_Lag_6,Lag,5.970632848002553
A_3_Mu_0.3_Lag_6,Mu,0.2968593022095054
A_3_Mu_0.3_Lag_6,A,3.0028833275052094
A_3_Mu_0.3_Lag_8,Lag,8.039205821714535
A_3_Mu_0.3_Lag_8,Mu,0.300842028004889
A_3_Mu_0.3_Lag_8,A,3.009157539556378
A_3_Mu_0.3_Lag_10,Lag,10.037384009347454
A_3_Mu_0.3_Lag_10,Mu,0.3007489305588502
A_3_Mu_0.3_Lag_10,A,3.0063722648138036
A_3_Mu_0.4_Lag_0,Lag,-0.009636440567858789
A_3_Mu_0.4_Lag_0,Mu,0.396703889690367
A_3_Mu_0.4_Lag_0,A,3.01213493868872
A_3_Mu_0.4_Lag_2,Lag,1.9862492096928317
A_3_Mu_0.4_Lag_2,Mu,0.39865517113906596
A_3_Mu_0.4_Lag_2,A,3.008889439504988
A_3_Mu_0.4_Lag_4,Lag,3.9666009383831633
A_3_Mu_0.4_Lag_4,Mu,0.39476388177183624
A_3_Mu_0.4_Lag_4,A,3.0126326477316385
A_3_Mu_0.4_Lag_6,Lag,6.011993183991946
A_3_Mu_0.4_Lag_6,Mu,0.40062083178714536
A_3_Mu_0.4_Lag_6,A,3.011588984427921
A_3_Mu_0.4_Lag_8,Lag,7.935998647586826
A_3_Mu_0.4_Lag_8,Mu,0.39067651902816075
A_3_Mu_0.4_Lag_8,A,3.0077340019672785
A_3_Mu_0.4_Lag_10,Lag,9.989216312272681
A_3_Mu_0.4_Lag_10,Mu,0.3950609771914732
A_3_Mu_0.4_Lag_10,A,3.0074399493411983
A_3_Mu_0.5_Lag_0,Lag,-0.011410743699741347
A_3_Mu_0.5_Lag_0,Mu,0.49737973817203884
A_3_Mu_0.5_Lag_0,A,3.0085138119308787
A_3_Mu_0.5_Lag_2,Lag,2.0077644249103748
A_3_Mu_0.5_Lag_2,Mu,0.49913216576241576
A_3_Mu_0.5_Lag_2,A,3.009855863540544
A_3_Mu_0.5_Lag_4,Lag,3.9709361823229097
A_3_Mu_0.5_Lag_4,Mu,0.4902695651432738
A_3_Mu_0.5_Lag_4,A,3.0089077198978584
A_3_Mu_0.5_Lag_6,Lag,5.995856607672649
A_3_Mu_0.5_Lag_6,Mu,0.501258961424802
A_3_Mu_0.5_Lag_6,A,3.0077722198030257
A_3_Mu_0.5_Lag_8,Lag,7.979762579275432
A_3_Mu_0.5_Lag_8,Mu,0.4957546646212498
A_3_Mu_0.5_Lag_8,A,3.0151388954244576
A_3_Mu_0.5_Lag_10,Lag,9.983039570533515
A_3_Mu_0.5_Lag_10,Mu,0.49447373730119076
A_3_Mu_0.5_Lag_10,A,3.0094817630603465
A_3_Mu_0.6_Lag_0,Lag,-0.04388650098287166
A_3_Mu_0.6_Lag_0,Mu,0.5911143582049965
A_3_Mu_0.6_Lag_0,A,3.0150618984719917
A_3_Mu_0.6_Lag_2,Lag,2.012697729115172
A_3_Mu_0.6_Lag_2,Mu,0.5971673745451568
A_3_Mu_0.6_Lag_2,A,3.0100978135213716
A_3_Mu_0.6_Lag_4,Lag,4.020980411645914
A_3_Mu_0.6_Lag_4,Mu,0.6001525270681064
A_3_Mu_0.6_Lag_4,A,3.0100357485751763
A_3_Mu_0.6_Lag_6,Lag,5.976232465350442
A_3_Mu_0.6_Lag_6,Mu,0.5859917916632594
A_3_Mu_0.6_Lag_6,A,3.0094489745902484
A_3_Mu_0.6_Lag_8,Lag,7.965597432854307
A_3_Mu_0.6_Lag_8,Mu,0.5939262905305711
A_3_Mu_0.6_Lag_8,A,3.0062358924037937
A_3_Mu_0.6_Lag_10,Lag,9.956537659696897
A_3_Mu_0.6_Lag_10,Mu,0.584360644991496
A_3_Mu_0.6_Lag_10,A,3.016420008752437
A_3_Mu_0.7_Lag_0,Lag,-0.06735787666751965
A_3_Mu_0.7_Lag_0,Mu,0.6728122192816253
A_3_Mu_0.7_Lag_0,A,3.0164240292445723
A_3_Mu_0.7_Lag_2,Lag,1.982144761989668
A_3_Mu_0.7_Lag_2,Mu,0.6847241518388333
A_3_Mu_0.7_Lag_2,A,3.0213684924215305
A_3_Mu_0.7_Lag_4,Lag,4.0021374342862845
A_3_Mu_0.7_Lag_4,Mu,0.6974481638795217
A_3_Mu_0.7_Lag_4,A,3.0122756844907768
A_3_Mu_0.7_Lag_6,Lag,6.007371493258203
A_3_Mu_0.7_Lag_6,Mu,0.7072049648539164
A_3_Mu_0.7_Lag_6,A,3.0089978107546296
A_3_Mu_0.7_Lag_8,Lag,7.979247491613597
A_3_Mu_0.7_Lag_8,Mu,0.6887516134261986
A_3_Mu_0.7_Lag_8,A,3.0077689726926935
A_3_Mu_0.7_Lag_10,Lag,10.007507069515283
A_3_Mu_0.7_Lag_10,Mu,0.7008936061621608
A_3_Mu_0.7_Lag_10,A,3.0146527229865843
A_3_Mu_0.8_Lag_0,Lag,-0.046146650144382226
A_3_Mu_0.8_Lag_0,Mu,0.7724505854285305
A_3_Mu_0.8_Lag_0,A,3.0125750356953778
A_3_Mu_0.8_Lag_2,Lag,1.952444231511873
A_3_Mu_0.8_Lag_2,Mu,0.7719562064504389
A_3_Mu_0.8_Lag_2,A,3.0112761571778233
A_3_Mu_0.8_Lag_4,Lag,4.017351295113527
A_3_Mu_0.8_Lag_4,Mu,0.8046712806330479
A_3_Mu_0.8_Lag_4,A,3.0115201180759463
A_3_Mu_0.8_Lag_6,Lag,5.972639095340845
A_3_Mu_0.8_Lag_6,Mu,0.7866693820437569
A_3_Mu_0.8_Lag_6,A,3.0136495297041495
A_3_Mu_0.8_Lag_8,Lag,7.956285787791483
A_3_Mu_0.8_Lag_8,Mu,0.7827738711495497
A_3_Mu_0.8_Lag_8,A,3.0120573769910224
A_3_Mu_0.8_Lag_10,Lag,9.983996994219954
A_3_Mu_0.8_Lag_10,Mu,0.7854534345153977
A_3_Mu_0.8_Lag_10,A,3.0133005597657254
A_3_Mu_0.9_Lag_0,Lag,-0.033018155028031
A_3_Mu_0.9_Lag_0,Mu,0.8725186980224487
A_3_Mu_0.9_Lag_0,A,3.016630852382967
A_3_Mu_0.9_Lag_2,Lag,1.9742642552959853
A_3_Mu_0.9_Lag_2,Mu,0.8770570322787394
A_3_Mu_0.9_Lag_2,A,3.0121659668942513
A_3_Mu_0.9_Lag_4,Lag,3.9531011938821914
A_3_Mu_0.9_Lag_4,Mu,0.8668615751929934
A_3_Mu_0.9_Lag_4,A,3.0175095019794207
A_3_Mu_0.9_Lag_6,Lag,5.957299278634331
A_3_Mu_0.9_Lag_6,Mu,0.8685862635751879
A_3_Mu_0.9_Lag_6,A,3.019714239841803
A_3_Mu_0.9_Lag_8,Lag,7.950155962572307
A_3_Mu_0.9_Lag_8,Mu,0.8577254677407151
A_3_Mu_0.9_Lag_8,A,3.024846424987013
A_3_Mu_0.9_Lag_10,Lag,9.972895512077576
A_3_Mu_0.9_Lag_10,Mu,0.8736859486900889
A_3_Mu_0.9_Lag_10,A,3.0114373211402934
A_3_Mu_1_Lag_0,Lag,-0.02734206488123757
A_3_Mu_1_Lag_0,Mu,0.9758058990437098
A_3_Mu_1_Lag_0,A,3.0125377115363814
A_3_Mu_1_Lag_2,Lag,1.9762181927863174
A_3_Mu_1_Lag_2,Mu,0.9743651812029367
A_3_Mu_1_Lag_2,A,3.0110674237171122
A_3_Mu_1_Lag_4,Lag,3.9910402211606755
A_3_Mu_1_Lag_4,Mu,0.9878644337090112
A_3_Mu_1_Lag_4,A,3.0155048692317865
A_3_Mu_1_Lag_6,Lag,5.973241026685549
A_3_Mu_1_Lag_6,Mu,0.9717321599800991
A_3_Mu_1_Lag_6,A,3.0140944587224454
A_3_Mu_1_Lag_8,Lag,8.010080147805594
A_3_Mu_1_Lag_8,Mu,0.9998122356597594
A_3_Mu_1_Lag_8,A,3.0183262051796427
A_3_Mu_1_Lag_10,Lag,9.981704346310417
A_3_Mu_1_Lag_10,Mu,0.9880120004128168
A_3_Mu_1_Lag_10,A,3.016505740515815
A_4_Mu_0.1_Lag_0,Lag,0.080469827455957793
A_4_Mu_0.1_Lag_0,Mu,0.10070051589891045
A_4_Mu_0.1_Lag_0,A,3.616237874003663
A_4_Mu_0.1_Lag_2,Lag,2.0937841125116226
A_4_Mu_0.1_Lag_2,Mu,0.10068824011306832
A_4_Mu_0.1_Lag_2,A,3.548912515604162
A_4_Mu_0.1_Lag_4,Lag,4.266835608900009
A_4_Mu_0.1_Lag_4,Mu,0.1016978150013188
A_4_Mu_0.1_Lag_4,A,3.4868228445203755
A_4_Mu_0.1_Lag_6,Lag,6.0144933594883625
A_4_Mu_0.1_Lag_6,Mu,0.10020592938747715
A_4_Mu_0.1_Lag_6,A,3.421934450032255
A_4_Mu_0.1_Lag_8,Lag,7.946861677225016
A_4_Mu_0.1_Lag_8,Mu,0.09947638837092398
A_4_Mu_0.1_Lag_8,A,3.343975839571437
A_4_Mu_0.1_Lag_10,Lag,10.088359361831257
A_4_Mu_0.1_Lag_10,Mu,0.10050966947206284
A_4_Mu_0.1_Lag_10,A,3.2630191232953205
A_4_Mu_0.2_Lag_0,Lag,0.002668408190649534
A_4_Mu_0.2_Lag_0,Mu,0.1996860279425072
A_4_Mu_0.2_Lag_0,A,3.9842855718297487
A_4_Mu_0.2_Lag_2,Lag,2.0744924554527513
A_4_Mu_0.2_Lag_2,Mu,0.202020262624921
A_4_Mu_0.2_Lag_2,A,3.9796334916652407
A_4_Mu_0.2_Lag_4,Lag,4.010190984121868
A_4_Mu_0.2_Lag_4,Mu,0.2005440714129042
A_4_Mu_0.2_Lag_4,A,3.973051543178764
A_4_Mu_0.2_Lag_6,Lag,5.952826444558886
A_4_Mu_0.2_Lag_6,Mu,0.19911096687051622
A_4_Mu_0.2_Lag_6,A,3.958497828883261
A_4_Mu_0.2_Lag_8,Lag,8.017298946178327
A_4_Mu_0.2_Lag_8,Mu,0.20035393556813788
A_4_Mu_0.2_Lag_8,A,3.957146505701962
A_4_Mu_0.2_Lag_10,Lag,9.876850336166841
A_4_Mu_0.2_Lag_10,Mu,0.19643121737883215
A_4_Mu_0.2_Lag_10,A,3.919454292891851
A_4_Mu_0.3_Lag_0,Lag,0.0033368249454305146
A_4_Mu_0.3_Lag_0,Mu,0.30173160274399397
A_4_Mu_0.3_Lag_0,A,4.001018988369161
A_4_Mu_0.3_Lag_2,Lag,2.0260359249291455
A_4_Mu_0.3_Lag_2,Mu,0.30070247646582765
A_4_Mu_0.3_Lag_2,A,4.006314123916445
A_4_Mu_0.3_Lag_4,Lag,3.9601419307022536
A_4_Mu_0.3_Lag_4,Mu,0.29924947749415254
A_4_Mu_0.3_Lag_4,A,4.00571585170103
A_4_Mu_0.3_Lag_6,Lag,5.9861789993559125
A_4_Mu_0.3_Lag_6,Mu,0.29869315850053274
A_4_Mu_0.3_Lag_6,A,4.006362580330746
A_4_Mu_0.3_Lag_8,Lag,8.036463301227135
A_4_Mu_0.3_Lag_8,Mu,0.30137247234404113
A_4_Mu_0.3_Lag_8,A,3.991685783238728
A_4_Mu_0.3_Lag_10,Lag,9.96985207340213
A_4_Mu_0.3_Lag_10,Mu,0.29855385262057554
A_4_Mu_0.3_Lag_10,A,4.003520647787661
A_4_Mu_0.4_Lag_0,Lag,9.105546850285612e-4
A_4_Mu_0.4_Lag_0,Mu,0.4003979758851283
A_4_Mu_0.4_Lag_0,A,4.007705859729275
A_4_Mu_0.4_Lag_2,Lag,2.0219110391438364
A_4_Mu_0.4_Lag_2,Mu,0.4014871938456956
A_4_Mu_0.4_Lag_2,A,4.010147827245511
A_4_Mu_0.4_Lag_4,Lag,3.9783868710310437
A_4_Mu_0.4_Lag_4,Mu,0.39833180732866097
A_4_Mu_0.4_Lag_4,A,4.0080980775084845
A_4_Mu_0.4_Lag_6,Lag,6.008945523833562
A_4_Mu_0.4_Lag_6,Mu,0.4000261509602477
A_4_Mu_0.4_Lag_6,A,4.007990862333962
A_4_Mu_0.4_Lag_8,Lag,7.982315626362888
A_4_Mu_0.4_Lag_8,Mu,0.39822100080688966
A_4_Mu_0.4_Lag_8,A,4.007078847575729
A_4_Mu_0.4_Lag_10,Lag,10.069340918151191
A_4_Mu_0.4_Lag_10,Mu,0.4060000105874139
A_4_Mu_0.4_Lag_10,A,4.013372193207874
A_4_Mu_0.5_Lag_0,Lag,0.07175641164142628
A_4_Mu_0.5_Lag_0,Mu,0.5126812074510007
A_4_Mu_0.5_Lag_0,A,4.012962352611968
A_4_Mu_0.5_Lag_2,Lag,1.9590850841373504
A_4_Mu_0.5_Lag_2,Mu,0.4946989100272969
A_4_Mu_0.5_Lag_2,A,4.008621263331537
A_4_Mu_0.5_Lag_4,Lag,3.9998442788215174
A_4_Mu_0.5_Lag_4,Mu,0.5018729789091592
A_4_Mu_0.5_Lag_4,A,4.0178910961161485
A_4_Mu_0.5_Lag_6,Lag,5.985416626149906
A_4_Mu_0.5_Lag_6,Mu,0.49840228562755784
A_4_Mu_0.5_Lag_6,A,4.006956451265083
A_4_Mu_0.5_Lag_8,Lag,7.960409440724102
A_4_Mu_0.5_Lag_8,Mu,0.49443255843826317
A_4_Mu_0.5_Lag_8,A,4.006528136797581
A_4_Mu_0.5_Lag_10,Lag,10.004800629874302
A_4_Mu_0.5_Lag_10,Mu,0.4993438959962272
A_4_Mu_0.5_Lag_10,A,4.012484780014507
A_4_Mu_0.6_Lag_0,Lag,3.834801061567987e-4
A_4_Mu_0.6_Lag_0,Mu,0.5980276783169108
A_4_Mu_0.6_Lag_0,A,4.006681682367391
A_4_Mu_0.6_Lag_2,Lag,2.024435206377905
A_4_Mu_0.6_Lag_2,Mu,0.607680835954371
A_4_Mu_0.6_Lag_2,A,4.008778833390786
A_4_Mu_0.6_Lag_4,Lag,3.986890597210314
A_4_Mu_0.6_Lag_4,Mu,0.5980341230346294
A_4_Mu_0.6_Lag_4,A,4.011887697667442
A_4_Mu_0.6_Lag_6,Lag,5.999032973606202
A_4_Mu_0.6_Lag_6,Mu,0.5990779575145281
A_4_Mu_0.6_Lag_6,A,4.0091676713033895
A_4_Mu_0.6_Lag_8,Lag,7.952101431985912
A_4_Mu_0.6_Lag_8,Mu,0.5910308973146108
A_4_Mu_0.6_Lag_8,A,4.010040152366386
A_4_Mu_0.6_Lag_10,Lag,10.006975970610243
A_4_Mu_0.6_Lag_10,Mu,0.6004447127709855
A_4_Mu_0.6_Lag_10,A,4.0066395006223265
A_4_Mu_0.7_Lag_0,Lag,0.002716543818289338
A_4_Mu_0.7_Lag_0,Mu,0.7042240864867484
A_4_Mu_0.7_Lag_0,A,4.013586078942009
A_4_Mu_0.7_Lag_2,Lag,1.9785259973518274
A_4_Mu_0.7_Lag_2,Mu,0.6971998900500536
A_4_Mu_0.7_Lag_2,A,4.010995986765106
A_4_Mu_0.7_Lag_4,Lag,3.952881201274974
A_4_Mu_0.7_Lag_4,Mu,0.6847495351977322
A_4_Mu_0.7_Lag_4,A,4.010246263642921
A_4_Mu_0.7_Lag_6,Lag,5.993626337285521
A_4_Mu_0.7_Lag_6,Mu,0.7002037888961837
A_4_Mu_0.7_Lag_6,A,4.011827700288237
A_4_Mu_0.7_Lag_8,Lag,8.023495272840558
A_4_Mu_0.7_Lag_8,Mu,0.7051105269498504
A_4_Mu_0.7_Lag_8,A,4.006648463537588
A_4_Mu_0.7_Lag_10,Lag,10.010551015592489
A_4_Mu_0.7_Lag_10,Mu,0.7000451293025632
A_4_Mu_0.7_Lag_10,A,4.011065167187478
A_4_Mu_0.8_Lag_0,Lag,0.00822997947009396
A_4_Mu_0.8_Lag_0,Mu,0.8025857313509516
A_4_Mu_0.8_Lag_0,A,4.016364262346553
A_4_Mu_0.8_Lag_2,Lag,1.9999512926826357
A_4_Mu_0.8_Lag_2,Mu,0.7972814400669964
A_4_Mu_0.8_Lag_2,A,4.019747991716446
A_4_Mu_0.8_Lag_4,Lag,3.9978532971835037
A_4_Mu_0.8_Lag_4,Mu,0.7991336654533546
A_4_Mu_0.8_Lag_4,A,4.009306581114497
A_4_Mu_0.8_Lag_6,Lag,6.0288494594081925
A_4_Mu_0.8_Lag_6,Mu,0.8091725516944516
A_4_Mu_0.8_Lag_6,A,4.00778360555788
A_4_Mu_0.8_Lag_8,Lag,8.001637381770639
A_4_Mu_0.8_Lag_8,Mu,0.7973286867555434
A_4_Mu_0.8_Lag_8,A,4.021807540739494
A_4_Mu_0.8_Lag_10,Lag,9.9791930279594
A_4_Mu_0.8_Lag_10,Mu,0.7948133923725366
A_4_Mu_0.8_Lag_10,A,4.009207512228111
A_4_Mu_0.9_Lag_0,Lag,-0.028629977329513102
A_4_Mu_0.9_Lag_0,Mu,0.8827701167660106
A_4_Mu_0.9_Lag_0,A,4.019357353167214
A_4_Mu_0.9_Lag_2,Lag,2.0257028777237336
A_4_Mu_0.9_Lag_2,Mu,0.9143187749747798
A_4_Mu_0.9_Lag_2,A,4.011837109494554
A_4_Mu_0.9_Lag_4,Lag,3.947035310960362
A_4_Mu_0.9_Lag_4,Mu,0.8717743414134589
A_4_Mu_0.9_Lag_4,A,4.012757875364047
A_4_Mu_0.9_Lag_6,Lag,6.0054742169299065
A_4_Mu_0.9_Lag_6,Mu,0.8951308341024831
A_4_Mu_0.9_Lag_6,A,4.014796123916545
A_4_Mu_0.9_Lag_8,Lag,7.98946184233283
A_4_Mu_0.9_Lag_8,Mu,0.8891537103598361
A_4_Mu_0.9_Lag_8,A,4.0122130317441655
A_4_Mu_0.9_Lag_10,Lag,9.972248243217086
A_4_Mu_0.9_Lag_10,Mu,0.882033870505161
A_4_Mu_0.9_Lag_10,A,4.009659566691846
A_4_Mu_1_Lag_0,Lag,-0.0034619294027854654
A_4_Mu_1_Lag_0,Mu,0.9975945340541608
A_4_Mu_1_Lag_0,A,4.018245171001854
A_4_Mu_1_Lag_2,Lag,2.01686580898526
A_4_Mu_1_Lag_2,Mu,1.0117913969602517
A_4_Mu_1_Lag_2,A,4.013814303702793
A_4_Mu_1_Lag_4,Lag,4.010763316586835
A_4_Mu_1_Lag_4,Mu,1.0050267095534395
A_4_Mu_1_Lag_4,A,4.016017835271751
A_4_Mu_1_Lag_6,Lag,6.016028576357806
A_4_Mu_1_Lag_6,Mu,1.0052179835454582
A_4_Mu_1_Lag_6,A,4.008638236304599
A_4_Mu_1_Lag_8,Lag,7.953933478740415
A_4_Mu_1_Lag_8,Mu,0.9761718926855488
A_4_Mu_1_Lag_8,A,4.0184246251899705
A_4_Mu_1_Lag_10,Lag,10.006324062167668
A_4_Mu_1_Lag_10,Mu,1.0046276776076963
A_4_Mu_1_Lag_10,A,4.011788336739016
A_5_Mu_0.1_Lag_0,Lag,0.24436507250022543
A_5_Mu_0.1_Lag_0,Mu,0.10150268844479815
A_5_Mu_0.1_Lag_0,A,4.090335972288857
A_5_Mu_0.1_Lag_2,Lag,1.9492032758638278
A_5_Mu_0.1_Lag_2,Mu,0.0999542867752019
A_5_Mu_0.1_Lag_2,A,4.009905948298766
A_5_Mu_0.1_Lag_4,Lag,4.008506090741824
A_5_Mu_0.1_Lag_4,Mu,0.10069833678804135
A_5_Mu_0.1_Lag_4,A,3.8989066880888665
A_5_Mu_0.1_Lag_6,Lag,5.981689544534137
A_5_Mu_0.1_Lag_6,Mu,0.10007720087313798
A_5_Mu_0.1_Lag_6,A,3.7910959605712073
A_5_Mu_0.1_Lag_8,Lag,8.084717016962069
A_5_Mu_0.1_Lag_8,Mu,0.10059114386898214
A_5_Mu_0.1_Lag_8,A,3.672187206738069
A_5_Mu_0.1_Lag_10,Lag,9.821859148547231
A_5_Mu_0.1_Lag_10,Mu,0.09900435756283625
A_5_Mu_0.1_Lag_10,A,3.5482830405365022
A_5_Mu_0.2_Lag_0,Lag,-0.008309031518547874
A_5_Mu_0.2_Lag_0,Mu,0.19974209411802313
A_5_Mu_0.2_Lag_0,A,4.924732538192221
A_5_Mu_0.2_Lag_2,Lag,2.0007018445646194
A_5_Mu_0.2_Lag_2,Mu,0.20031546358368282
A_5_Mu_0.2_Lag_2,A,4.911047043566412
A_5_Mu_0.2_Lag_4,Lag,4.078196500847612
A_5_Mu_0.2_Lag_4,Mu,0.2025807596025659
A_5_Mu_0.2_Lag_4,A,4.886309971369493
A_5_Mu_0.2_Lag_6,Lag,5.944464275390882
A_5_Mu_0.2_Lag_6,Mu,0.19812194836322114
A_5_Mu_0.2_Lag_6,A,4.8662482618969225
A_5_Mu_0.2_Lag_8,Lag,7.995235412700121
A_5_Mu_0.2_Lag_8,Mu,0.19989835713343762
A_5_Mu_0.2_Lag_8,A,4.832564122443609
A_5_Mu_0.2_Lag_10,Lag,9.919957033651743
A_5_Mu_0.2_Lag_10,Mu,0.19823947352282467
A_5_Mu_0.2_Lag_10,A,4.783328523166313
A_5_Mu_0.3_Lag_0,Lag,0.010942473656503957
A_5_Mu_0.3_Lag_0,Mu,0.3018728385775183
A_5_Mu_0.3_Lag_0,A,4.990021487523175
A_5_Mu_0.3_Lag_2,Lag,2.0172786759366486
A_5_Mu_0.3_Lag_2,Mu,0.30129647475529897
A_5_Mu_0.3_Lag_2,A,4.994875938760552
A_5_Mu_0.3_Lag_4,Lag,3.949641411261393
A_5_Mu_0.3_Lag_4,Mu,0.2974491675209809
A_5_Mu_0.3_Lag_4,A,4.989877531527313
A_5_Mu_0.3_Lag_6,Lag,5.942563583696719
A_5_Mu_0.3_Lag_6,Mu,0.29759689399031153
A_5_Mu_0.3_Lag_6,A,4.986709913239598
A_5_Mu_0.3_Lag_8,Lag,8.009230666652902
A_5_Mu_0.3_Lag_8,Mu,0.3005603565198881
A_5_Mu_0.3_Lag_8,A,4.973158476954179
A_5_Mu_0.3_Lag_10,Lag,10.074004257348188
A_5_Mu_0.3_Lag_10,Mu,0.3024741158411024
A_5_Mu_0.3_Lag_10,A,4.974043349248591
A_5_Mu_0.4_Lag_0,Lag,0.029294429704538206
A_5_Mu_0.4_Lag_0,Mu,0.40122922356699503
A_5_Mu_0.4_Lag_0,A,5.000520863812287
A_5_Mu_0.4_Lag_2,Lag,2.025894645275414
A_5_Mu_0.4_Lag_2,Mu,0.4026332097750424
A_5_Mu_0.4_Lag_2,A,5.001939273961357
A_5_Mu_0.4_Lag_4,Lag,4.064034754358093
A_5_Mu_0.4_Lag_4,Mu,0.4044513860893865
A_5_Mu_0.4_Lag_4,A,5.001867362452966
A_5_Mu_0.4_Lag_6,Lag,5.984620225858832
A_5_Mu_0.4_Lag_6,Mu,0.39796087249525836
A_5_Mu_0.4_Lag_6,A,5.002441680383959
A_5_Mu_0.4_Lag_8,Lag,7.9961337040396785
A_5_Mu_0.4_Lag_8,Mu,0.3992741156411594
A_5_Mu_0.4_Lag_8,A,5.002250422696542
A_5_Mu_0.4_Lag_10,Lag,10.022210143064857
A_5_Mu_0.4_Lag_10,Mu,0.40070646989217923
A_5_Mu_0.4_Lag_10,A,4.994352339881278
A_5_Mu_0.5_Lag_0,Lag,0.012574181329004407
A_5_Mu_0.5_Lag_0,Mu,0.4991563964003043
A_5_Mu_0.5_Lag_0,A,5.00807941224449
A_5_Mu_0.5_Lag_2,Lag,2.0470474732074013
A_5_Mu_0.5_Lag_2,Mu,0.5061470163724932
A_5_Mu_0.5_Lag_2,A,5.006705394489845
A_5_Mu_0.5_Lag_4,Lag,4.065198919744103
A_5_Mu_0.5_Lag_4,Mu,0.5102637404783883
A_5_Mu_0.5_Lag_4,A,5.008085846366127
A_5_Mu_0.5_Lag_6,Lag,5.939447692189748
A_5_Mu_0.5_Lag_6,Mu,0.49240002839283487
A_5_Mu_0.5_Lag_6,A,5.010279536765655
A_5_Mu_0.5_Lag_8,Lag,7.9986993292476365
A_5_Mu_0.5_Lag_8,Mu,0.4978931877680263
A_5_Mu_0.5_Lag_8,A,5.003930276728628
A_5_Mu_0.5_Lag_10,Lag,9.935753065534897
A_5_Mu_0.5_Lag_10,Mu,0.4928153306377559
A_5_Mu_0.5_Lag_10,A,5.008888011792998
A_5_Mu_0.6_Lag_0,Lag,-0.010283100137040533
A_5_Mu_0.6_Lag_0,Mu,0.5968379844807766
A_5_Mu_0.6_Lag_0,A,5.010478439242503
A_5_Mu_0.6_Lag_2,Lag,1.9963068309896617
A_5_Mu_0.6_Lag_2,Mu,0.5988638012165103
A_5_Mu_0.6_Lag_2,A,5.013089340955117
A_5_Mu_0.6_Lag_4,Lag,3.9725995549094075
A_5_Mu_0.6_Lag_4,Mu,0.5936122862099751
A_5_Mu_0.6_Lag_4,A,5.016299888036005
A_5_Mu_0.6_Lag_6,Lag,5.997080229152071
A_5_Mu_0.6_Lag_6,Mu,0.5988409666084525
A_5_Mu_0.6_Lag_6,A,5.0022547223607745
A_5_Mu_0.6_Lag_8,Lag,8.019677970725994
A_5_Mu_0.6_Lag_8,Mu,0.60218934071435
A_5_Mu_0.6_Lag_8,A,5.009667857546223
A_5_Mu_0.6_Lag_10,Lag,9.986096471828292
A_5_Mu_0.6_Lag_10,Mu,0.5951263158740615
A_5_Mu_0.6_Lag_10,A,5.0064289568328055
A_5_Mu_0.7_Lag_0,Lag,-0.0014211373154789963
A_5_Mu_0.7_Lag_0,Mu,0.7000052239970028
A_5_Mu_0.7_Lag_0,A,5.008690133537152
A_5_Mu_0.7_Lag_2,Lag,2.0281852467487784
A_5_Mu_0.7_Lag_2,Mu,0.7084242609217121
A_5_Mu_0.7_Lag_2,A,5.0109501288192915
A_5_Mu_0.7_Lag_4,Lag,3.961026557856731
A_5_Mu_0.7_Lag_4,Mu,0.6881054100080441
A_5_Mu_0.7_Lag_4,A,5.010619834089549
A_5_Mu_0.7_Lag_6,Lag,5.990030397235248
A_5_Mu_0.7_Lag_6,Mu,0.6965281165754069
A_5_Mu_0.7_Lag_6,A,5.007475370664659
A_5_Mu_0.7_Lag_8,Lag,8.00575398699286
A_5_Mu_0.7_Lag_8,Mu,0.6989671334646114
A_5_Mu_0.7_Lag_8,A,5.0155973884193354
A_5_Mu_0.7_Lag_10,Lag,9.971923909721037
A_5_Mu_0.7_Lag_10,Mu,0.6934597013523758
A_5_Mu_0.7_Lag_10,A,5.009823867876751
A_5_Mu_0.8_Lag_0,Lag,0.02097868590369598
A_5_Mu_0.8_Lag_0,Mu,0.8072643318237995
A_5_Mu_0.8_Lag_0,A,5.005270117226168
A_5_Mu_0.8_Lag_2,Lag,1.9697768182108233
A_5_Mu_0.8_Lag_2,Mu,0.7873280988939317
A_5_Mu_0.8_Lag_2,A,5.00994014608522
A_5_Mu_0.8_Lag_4,Lag,3.9763738333991756
A_5_Mu_0.8_Lag_4,Mu,0.7911958219724907
A_5_Mu_0.8_Lag_4,A,5.006964505203961
A_5_Mu_0.8_Lag_6,Lag,5.985036692365296
A_5_Mu_0.8_Lag_6,Mu,0.7951313861813865
A_5_Mu_0.8_Lag_6,A,5.006507407370436
A_5_Mu_0.8_Lag_8,Lag,7.981013728310579
A_5_Mu_0.8_Lag_8,Mu,0.7965662830783514
A_5_Mu_0.8_Lag_8,A,5.00979800007114
A_5_Mu_0.8_Lag_10,Lag,9.991144605886536
A_5_Mu_0.8_Lag_10,Mu,0.7975358752165596
A_5_Mu_0.8_Lag_10,A,5.010476998717572
A_5_Mu_0.9_Lag_0,Lag,0.017919155724698765
A_5_Mu_0.9_Lag_0,Mu,0.9085728839022825
A_5_Mu_0.9_Lag_0,A,5.011816037123532
A_5_Mu_0.9_Lag_2,Lag,2.0068113424638536
A_5_Mu_0.9_Lag_2,Mu,0.9026659064765057
A_5_Mu_0.9_Lag_2,A,5.015171390019978
A_5_Mu_0.9_Lag_4,Lag,3.975287921635704
A_5_Mu_0.9_Lag_4,Mu,0.8898153484111403
A_5_Mu_0.9_Lag_4,A,5.01137845116695
A_5_Mu_0.9_Lag_6,Lag,6.023990208030718
A_5_Mu_0.9_Lag_6,Mu,0.903254262059987
A_5_Mu_0.9_Lag_6,A,5.0107992652850815
A_5_Mu_0.9_Lag_8,Lag,7.976097281775946
A_5_Mu_0.9_Lag_8,Mu,0.8870643100598781
A_5_Mu_0.9_Lag_8,A,5.013336345742131
A_5_Mu_0.9_Lag_10,Lag,9.98919756932906
A_5_Mu_0.9_Lag_10,Mu,0.8930634813774749
A_5_Mu_0.9_Lag_10,A,5.010142946456584
A_5_Mu_1_Lag_0,Lag,0.040079874747598596
A_5_Mu_1_Lag_0,Mu,1.013091772957709
A_5_Mu_1_Lag_0,A,5.02223599686688
A_5_Mu_1_Lag_2,Lag,1.9701105624853235
A_5_Mu_1_Lag_2,Mu,0.9846755378958796
A_5_Mu_1_Lag_2,A,5.016674060631001
A_5_Mu_1_Lag_4,Lag,3.9742384596942038
A_5_Mu_1_Lag_4,Mu,0.9827083691229691
A_5_Mu_1_Lag_4,A,5.012464075887378
A_5_Mu_1_Lag_6,Lag,5.992133949655758
A_5_Mu_1_Lag_6,Mu,0.9924553770765285
A_5_Mu_1_Lag_6,A,5.010520045599779
A_5_Mu_1_Lag_8,Lag,7.9731371929078385
A_5_Mu_1_Lag_8,Mu,0.9907493119654893
A_5_Mu_1_Lag_8,A,5.0119846995843265
A_5_Mu_1_Lag_10,Lag,9.989126094271205
A_5_Mu_1_Lag_10,Mu,0.9941814837951287
A_5_Mu_1_Lag_10,A,5.017125091690978
A_1_Mu_0.1_Lag_0,Mu_r,0.26183172092847135
A_1_Mu_0.1_Lag_2,Mu_r,0.27089574571384595
A_1_Mu_0.1_Lag_4,Mu_r,0.2688582194205426
A_1_Mu_0.1_Lag_6,Mu_r,0.27323851960108797
A_1_Mu_0.1_Lag_8,Mu_r,0.2670008953199865
A_1_Mu_0.1_Lag_10,Mu_r,0.27240593181189726
A_1_Mu_0.2_Lag_0,Mu_r,0.5100266741816156
A_1_Mu_0.2_Lag_2,Mu_r,0.5250874495834635
A_1_Mu_0.2_Lag_4,Mu_r,0.5282598956470652
A_1_Mu_0.2_Lag_6,Mu_r,0.5114443860407534
A_1_Mu_0.2_Lag_8,Mu_r,0.4974444510605296
A_1_Mu_0.2_Lag_10,Mu_r,0.5160378914469286
A_1_Mu_0.3_Lag_0,Mu_r,0.7226386686728569
A_1_Mu_0.3_Lag_2,Mu_r,0.7688722471446002
A_1_Mu_0.3_Lag_4,Mu_r,0.8075333249944533
A_1_Mu_0.3_Lag_6,Mu_r,0.7489611768640244
A_1_Mu_0.3_Lag_8,Mu_r,0.8025375248740713
A_1_Mu_0.3_Lag_10,Mu_r,0.778023169608444
A_1_Mu_0.4_Lag_0,Mu_r,0.9574115483197753
A_1_Mu_0.4_Lag_2,Mu_r,0.9915682189057308
A_1_Mu_0.4_Lag_4,Mu_r,0.9960421696940842
A_1_Mu_0.4_Lag_6,Mu_r,1.0362264101525722
A_1_Mu_0.4_Lag_8,Mu_r,0.9686591232340098
A_1_Mu_0.4_Lag_10,Mu_r,1.0117314294618907
A_1_Mu_0.5_Lag_0,Mu_r,1.1753400589132348
A_1_Mu_0.5_Lag_2,Mu_r,1.1866261974576704
A_1_Mu_0.5_Lag_4,Mu_r,1.2312675799599988
A_1_Mu_0.5_Lag_6,Mu_r,1.2310685114287527
A_1_Mu_0.5_Lag_8,Mu_r,1.2377329827147574
A_1_Mu_0.5_Lag_10,Mu_r,1.2677085259069234
A_1_Mu_0.6_Lag_0,Mu_r,1.396262808507002
A_1_Mu_0.6_Lag_2,Mu_r,1.4570357307880182
A_1_Mu_0.6_Lag_4,Mu_r,1.3954006049075998
A_1_Mu_0.6_Lag_6,Mu_r,1.3022285508592826
A_1_Mu_0.6_Lag_8,Mu_r,1.396253170806718
A_1_Mu_0.6_Lag_10,Mu_r,1.3478869309850312
A_1_Mu_0.7_Lag_0,Mu_r,1.568620367331728
A_1_Mu_0.7_Lag_2,Mu_r,3.1092109574142124
A_1_Mu_0.7_Lag_4,Mu_r,2.9684619342375496
A_1_Mu_0.7_Lag_6,Mu_r,1.7378749098390913
A_1_Mu_0.7_Lag_8,Mu_r,1.6969669495483501
A_1_Mu_0.7_Lag_10,Mu_r,1.7775707187522252
A_1_Mu_0.8_Lag_0,Mu_r,2.4529956455263435
A_1_Mu_0.8_Lag_2,Mu_r,1.7790861022564703
A_1_Mu_0.8_Lag_4,Mu_r,1.849300611785581
A_1_Mu_0.8_Lag_6,Mu_r,1.8421111288347798
A_1_Mu_0.8_Lag_8,Mu_r,1.935385358818427
A_1_Mu_0.8_Lag_10,Mu_r,2.0239137766121837
A_1_Mu_0.9_Lag_0,Mu_r,2.0454122652623408
A_1_Mu_0.9_Lag_2,Mu_r,2.182530050394564
A_1_Mu_0.9_Lag_4,Mu_r,2.0709378299683685
A_1_Mu_0.9_Lag_6,Mu_r,1.8514244635745574
A_1_Mu_0.9_Lag_8,Mu_r,1.8607498536901286
A_1_Mu_0.9_Lag_10,Mu_r,1.7005840573243491
A_1_Mu_1_Lag_0,Mu_r,2.521610884421985
A_1_Mu_1_Lag_2,Mu_r,7.756902158371862
A_1_Mu_1_Lag_4,Mu_r,2.232442495420826
A_1_Mu_1_Lag_6,Mu_r,2.358285540345779
A_1_Mu_1_Lag_8,Mu_r,2.0645557033162887
A_1_Mu_1_Lag_10,Mu_r,1.877245185893641
A_2_Mu_0.1_Lag_0,Mu_r,0.1354407810051757
A_2_Mu_0.1_Lag_2,Mu_r,0.14036975807175858
A_2_Mu_0.1_Lag_4,Mu_r,0.13623280178571925
A_2_Mu_0.1_Lag_6,Mu_r,0.13879376202554083
A_2_Mu_0.1_Lag_8,Mu_r,0.13647795073980498
A_2_Mu_0.1_Lag_10,Mu_r,0.14055955288310362
A_2_Mu_0.2_Lag_0,Mu_r,0.26206711243789793
A_2_Mu_0.2_Lag_2,Mu_r,0.2651659631958164
A_2_Mu_0.2_Lag_4,Mu_r,0.2695713309935611
A_2_Mu_0.2_Lag_6,Mu_r,0.27338106903859544
A_2_Mu_0.2_Lag_8,Mu_r,0.2650365401802943
A_2_Mu_0.2_Lag_10,Mu_r,0.2660699837753227
A_2_Mu_0.3_Lag_0,Mu_r,0.3940211993964182
A_2_Mu_0.3_Lag_2,Mu_r,0.39774046930345647
A_2_Mu_0.3_Lag_4,Mu_r,0.40201847695785287
A_2_Mu_0.3_Lag_6,Mu_r,0.3845781225216741
A_2_Mu_0.3_Lag_8,Mu_r,0.40323739795986135
A_2_Mu_0.3_Lag_10,Mu_r,0.3898653062397881
A_2_Mu_0.4_Lag_0,Mu_r,0.5202777155433728
A_2_Mu_0.4_Lag_2,Mu_r,0.5506850953646765
A_2_Mu_0.4_Lag_4,Mu_r,0.5162562587565308
A_2_Mu_0.4_Lag_6,Mu_r,0.5270270676777652
A_2_Mu_0.4_Lag_8,Mu_r,0.5058663049629724
A_2_Mu_0.4_Lag_10,Mu_r,0.5329636695421041
A_2_Mu_0.5_Lag_0,Mu_r,0.6511084004922671
A_2_Mu_0.5_Lag_2,Mu_r,0.6752013046980023
A_2_Mu_0.5_Lag_4,Mu_r,0.6903516269176885
A_2_Mu_0.5_Lag_6,Mu_r,0.670714230388923
A_2_Mu_0.5_Lag_8,Mu_r,0.6569112122585669
A_2_Mu_0.5_Lag_10,Mu_r,0.6823704551891422
A_2_Mu_0.6_Lag_0,Mu_r,0.7655001650736788
A_2_Mu_0.6_Lag_2,Mu_r,0.7908459133475488
A_2_Mu_0.6_Lag_4,Mu_r,0.7811488306350803
A_2_Mu_0.6_Lag_6,Mu_r,0.780332120473798
A_2_Mu_0.6_Lag_8,Mu_r,0.7705681398832829
A_2_Mu_0.6_Lag_10,Mu_r,0.7930780159510374
A_2_Mu_0.7_Lag_0,Mu_r,0.925733345568161
A_2_Mu_0.7_Lag_2,Mu_r,0.8964049190690795
A_2_Mu_0.7_Lag_4,Mu_r,0.9291834180784028
A_2_Mu_0.7_Lag_6,Mu_r,0.9293836563648671
A_2_Mu_0.7_Lag_8,Mu_r,0.9154297199949005
A_2_Mu_0.7_Lag_10,Mu_r,0.9080009022768033
A_2_Mu_0.8_Lag_0,Mu_r,1.0175251740587716
A_2_Mu_0.8_Lag_2,Mu_r,1.0681399984240645
A_2_Mu_0.8_Lag_4,Mu_r,1.0489050529353587
A_2_Mu_0.8_Lag_6,Mu_r,1.0724356967910311
A_2_Mu_0.8_Lag_8,Mu_r,1.0714947209712218
A_2_Mu_0.8_Lag_10,Mu_r,1.111977377859335
A_2_Mu_0.9_Lag_0,Mu_r,1.1427876691934074
A_2_Mu_0.9_Lag_2,Mu_r,1.1368541265084642
A_2_Mu_0.9_Lag_4,Mu_r,1.1675979745682283
A_2_Mu_0.9_Lag_6,Mu_r,1.1638660692486058
A_2_Mu_0.9_Lag_8,Mu_r,1.1630497073229942
A_2_Mu_0.9_Lag_10,Mu_r,1.1475810056555005
A_2_Mu_1_Lag_0,Mu_r,1.2110757293168277
A_2_Mu_1_Lag_2,Mu_r,1.244379011450002
A_2_Mu_1_Lag_4,Mu_r,1.2583781830691492
A_2_Mu_1_Lag_6,Mu_r,1.2155389151126517
A_2_Mu_1_Lag_8,Mu_r,1.2394335151314666
A_2_Mu_1_Lag_10,Mu_r,1.2995625080217266
A_3_Mu_0.1_Lag_0,Mu_r,0.09460694013671465
A_3_Mu_0.1_Lag_2,Mu_r,0.09768179327744278
A_3_Mu_0.1_Lag_4,Mu_r,0.09695426083337057
A_3_Mu_0.1_Lag_6,Mu_r,0.09682766222229156
A_3_Mu_0.1_Lag_8,Mu_r,0.09660743143491966
A_3_Mu_0.1_Lag_10,Mu_r,0.09964059036899421
A_3_Mu_0.2_Lag_0,Mu_r,0.1760875060382926
A_3_Mu_0.2_Lag_2,Mu_r,0.19208280281923584
A_3_Mu_0.2_Lag_4,Mu_r,0.1782496744239451
A_3_Mu_0.2_Lag_6,Mu_r,0.181267909624795
A_3_Mu_0.2_Lag_8,Mu_r,0.18300492890424896
A_3_Mu_0.2_Lag_10,Mu_r,0.18079640817731268
A_3_Mu_0.3_Lag_0,Mu_r,0.26845781044756106
A_3_Mu_0.3_Lag_2,Mu_r,0.2739918791871737
A_3_Mu_0.3_Lag_4,Mu_r,0.2716059241825447
A_3_Mu_0.3_Lag_6,Mu_r,0.2687241423647122
A_3_Mu_0.3_Lag_8,Mu_r,0.27176158350387214
A_3_Mu_0.3_Lag_10,Mu_r,0.27192918270128
A_3_Mu_0.4_Lag_0,Mu_r,0.3580028772196335
A_3_Mu_0.4_Lag_2,Mu_r,0.36015185313915465
A_3_Mu_0.4_Lag_4,Mu_r,0.3561932740655627
A_3_Mu_0.4_Lag_6,Mu_r,0.36160323761976126
A_3_Mu_0.4_Lag_8,Mu_r,0.35307938859795385
A_3_Mu_0.4_Lag_10,Mu_r,0.35707681400857155
A_3_Mu_0.5_Lag_0,Mu_r,0.44939740637223097
A_3_Mu_0.5_Lag_2,Mu_r,0.4507796910232696
A_3_Mu_0.5_Lag_4,Mu_r,0.44291516192484603
A_3_Mu_0.5_Lag_6,Mu_r,0.45301406709665165
A_3_Mu_0.5_Lag_8,Mu_r,0.44694488146425587
A_3_Mu_0.5_Lag_10,Mu_r,0.4466280511330369
A_3_Mu_0.6_Lag_0,Mu_r,0.5329294961619838
A_3_Mu_0.6_Lag_2,Mu_r,0.5392745762223952
A_3_Mu_0.6_Lag_4,Mu_r,0.5419815061682364
A_3_Mu_0.6_Lag_6,Mu_r,0.5292965098772864
A_3_Mu_0.6_Lag_8,Mu_r,0.5370367132774845
A_3_Mu_0.6_Lag_10,Mu_r,0.5266033635693729
A_3_Mu_0.7_Lag_0,Mu_r,0.6063117160939966
A_3_Mu_0.7_Lag_2,Mu_r,0.6160364828451566
A_3_Mu_0.7_Lag_4,Mu_r,0.6293782072892588
A_3_Mu_0.7_Lag_6,Mu_r,0.6388779673044369
A_3_Mu_0.7_Lag_8,Mu_r,0.6224617023767574
A_3_Mu_0.7_Lag_10,Mu_r,0.6319886661526456
A_3_Mu_0.8_Lag_0,Mu_r,0.6969912333713054
A_3_Mu_0.8_Lag_2,Mu_r,0.6968455959638815
A_3_Mu_0.8_Lag_4,Mu_r,0.7263186810205204
A_3_Mu_0.8_Lag_6,Mu_r,0.7095679391838827
A_3_Mu_0.8_Lag_8,Mu_r,0.7064274425821154
A_3_Mu_0.8_Lag_10,Mu_r,0.708553214588706
A_3_Mu_0.9_Lag_0,Mu_r,0.7862253745603703
A_3_Mu_0.9_Lag_2,Mu_r,0.7914863322832351
A_3_Mu_0.9_Lag_4,Mu_r,0.7809002974442228
A_3_Mu_0.9_Lag_6,Mu_r,0.7818826780275949
A_3_Mu_0.9_Lag_8,Mu_r,0.7707960091812367
A_3_Mu_0.9_Lag_10,Mu_r,0.7886349224114003
A_3_Mu_1_Lag_0,Mu_r,0.8804920294660432
A_3_Mu_1_Lag_2,Mu_r,0.8796213414170235
A_3_Mu_1_Lag_4,Mu_r,0.890495640226335
A_3_Mu_1_Lag_6,Mu_r,0.8763633352495407
A_3_Mu_1_Lag_8,Mu_r,0.9004233629224917
A_3_Mu_1_Lag_10,Mu_r,0.8903331530084817
A_4_Mu_0.1_Lag_0,Mu_r,0.0756953474914527
A_4_Mu_0.1_Lag_2,Mu_r,0.07712193868838735
A_4_Mu_0.1_Lag_4,Mu_r,0.07928229647414173
A_4_Mu_0.1_Lag_6,Mu_r,0.07960057708155743
A_4_Mu_0.1_Lag_8,Mu_r,0.080863281268226
A_4_Mu_0.1_Lag_10,Mu_r,0.08373031164905188
A_4_Mu_0.2_Lag_0,Mu_r,0.13623594277254703
A_4_Mu_0.2_Lag_2,Mu_r,0.13798959377137537
A_4_Mu_0.2_Lag_4,Mu_r,0.13720821368724
A_4_Mu_0.2_Lag_6,Mu_r,0.13672856383597545
A_4_Mu_0.2_Lag_8,Mu_r,0.13762908740688973
A_4_Mu_0.2_Lag_10,Mu_r,0.1362320794788514
A_4_Mu_0.3_Lag_0,Mu_r,0.20499566115409443
A_4_Mu_0.3_Lag_2,Mu_r,0.20402645730401056
A_4_Mu_0.3_Lag_4,Mu_r,0.20307092339133068
A_4_Mu_0.3_Lag_6,Mu_r,0.20266068503715062
A_4_Mu_0.3_Lag_8,Mu_r,0.20523041132408415
A_4_Mu_0.3_Lag_10,Mu_r,0.20270996050524018
A_4_Mu_0.4_Lag_0,Mu_r,0.2715754549097197
A_4_Mu_0.4_Lag_2,Mu_r,0.27214840709236354
A_4_Mu_0.4_Lag_4,Mu_r,0.27014760931993603
A_4_Mu_0.4_Lag_6,Mu_r,0.2713039661049634
A_4_Mu_0.4_Lag_8,Mu_r,0.2701411555350448
A_4_Mu_0.4_Lag_10,Mu_r,0.27498632023256875
A_4_Mu_0.5_Lag_0,Mu_r,0.3472776187644569
A_4_Mu_0.5_Lag_2,Mu_r,0.3354597427266303
A_4_Mu_0.5_Lag_4,Mu_r,0.33953936682905556
A_4_Mu_0.5_Lag_6,Mu_r,0.3381114551060584
A_4_Mu_0.5_Lag_8,Mu_r,0.33545428688178663
A_4_Mu_0.5_Lag_10,Mu_r,0.3382835108557297
A_4_Mu_0.6_Lag_0,Mu_r,0.40572421264169456
A_4_Mu_0.6_Lag_2,Mu_r,0.41205759722103935
A_4_Mu_0.6_Lag_4,Mu_r,0.40520209236879473
A_4_Mu_0.6_Lag_6,Mu_r,0.40618473939072863
A_4_Mu_0.6_Lag_8,Mu_r,0.40064151160184214
A_4_Mu_0.6_Lag_10,Mu_r,0.40736830739730007
A_4_Mu_0.7_Lag_0,Mu_r,0.4769499145673507
A_4_Mu_0.7_Lag_2,Mu_r,0.4724975537697269
A_4_Mu_0.7_Lag_4,Mu_r,0.4641466125032738
A_4_Mu_0.7_Lag_6,Mu_r,0.47443494032356365
A_4_Mu_0.7_Lag_8,Mu_r,0.4783771648313411
A_4_Mu_0.7_Lag_10,Mu_r,0.47441761097557283
A_4_Mu_0.8_Lag_0,Mu_r,0.5431913210076164
A_4_Mu_0.8_Lag_2,Mu_r,0.5391471443403492
A_4_Mu_0.8_Lag_4,Mu_r,0.5418070375421082
A_4_Mu_0.8_Lag_6,Mu_r,0.5488218077214996
A_4_Mu_0.8_Lag_8,Mu_r,0.5389029829404
A_4_Mu_0.8_Lag_10,Mu_r,0.5388912384586065
A_4_Mu_0.9_Lag_0,Mu_r,0.597015332617997
A_4_Mu_0.9_Lag_2,Mu_r,0.6195107237905798
A_4_Mu_0.9_Lag_4,Mu_r,0.5905485514911786
A_4_Mu_0.9_Lag_6,Mu_r,0.6060626256808518
A_4_Mu_0.9_Lag_8,Mu_r,0.6024033007358507
A_4_Mu_0.9_Lag_10,Mu_r,0.5979601515790832
A_4_Mu_1_Lag_0,Mu_r,0.6748575506689117
A_4_Mu_1_Lag_2,Mu_r,0.6852170928812097
A_4_Mu_1_Lag_4,Mu_r,0.6802623777466963
A_4_Mu_1_Lag_6,Mu_r,0.6816443932418336
A_4_Mu_1_Lag_8,Mu_r,0.6603359686544216
A_4_Mu_1_Lag_10,Mu_r,0.6807091828348538
A_5_Mu_0.1_Lag_0,Mu_r,0.06745482899411812
A_5_Mu_0.1_Lag_2,Mu_r,0.067758178102129335
A_5_Mu_0.1_Lag_4,Mu_r,0.07020595283370445
A_5_Mu_0.1_Lag_6,Mu_r,0.07175709594423152
A_5_Mu_0.1_Lag_8,Mu_r,0.07446109446197069
A_5_Mu_0.1_Lag_10,Mu_r,0.07584562534239891
A_5_Mu_0.2_Lag_0,Mu_r,0.11025071932509202
A_5_Mu_0.2_Lag_2,Mu_r,0.11087531432471223
A_5_Mu_0.2_Lag_4,Mu_r,0.1126968204738652
A_5_Mu_0.2_Lag_6,Mu_r,0.11067073915474905
A_5_Mu_0.2_Lag_8,Mu_r,0.11244135783135295
A_5_Mu_0.2_Lag_10,Mu_r,0.11265602100097405
A_5_Mu_0.3_Lag_0,Mu_r,0.16444327016674146
A_5_Mu_0.3_Lag_2,Mu_r,0.1639697847048691
A_5_Mu_0.3_Lag_4,Mu_r,0.1620381786634891
A_5_Mu_0.3_Lag_6,Mu_r,0.16222163374532123
A_5_Mu_0.3_Lag_8,Mu_r,0.16428347483178576
A_5_Mu_0.3_Lag_10,Mu_r,0.1653001059579211
A_5_Mu_0.4_Lag_0,Mu_r,0.21810810057042807
A_5_Mu_0.4_Lag_2,Mu_r,0.21880924132028798
A_5_Mu_0.4_Lag_4,Mu_r,0.21980048122721305
A_5_Mu_0.4_Lag_6,Mu_r,0.21624835975269927
A_5_Mu_0.4_Lag_8,Mu_r,0.2169702596649189
A_5_Mu_0.4_Lag_10,Mu_r,0.21809296612016255
A_5_Mu_0.5_Lag_0,Mu_r,0.27093175850539153
A_5_Mu_0.5_Lag_2,Mu_r,0.27480151691136245
A_5_Mu_0.5_Lag_4,Mu_r,0.27696023910420453
A_5_Mu_0.5_Lag_6,Mu_r,0.2671471800507576
A_5_Mu_0.5_Lag_8,Mu_r,0.2704701964209185
A_5_Mu_0.5_Lag_10,Mu_r,0.26744677758908736
A_5_Mu_0.6_Lag_0,Mu_r,0.323796193800904
A_5_Mu_0.6_Lag_2,Mu_r,0.3247260277748408
A_5_Mu_0.6_Lag_4,Mu_r,0.32167245315677656
A_5_Mu_0.6_Lag_6,Mu_r,0.3254169585551154
A_5_Mu_0.6_Lag_8,Mu_r,0.32675226955212305
A_5_Mu_0.6_Lag_10,Mu_r,0.32312873387933794
A_5_Mu_0.7_Lag_0,Mu_r,0.37990201619314096
A_5_Mu_0.7_Lag_2,Mu_r,0.3842977371153288
A_5_Mu_0.7_Lag_4,Mu_r,0.3733000095843629
A_5_Mu_0.7_Lag_6,Mu_r,0.37810664699213886
A_5_Mu_0.7_Lag_8,Mu_r,0.3788162227641925
A_5_Mu_0.7_Lag_10,Mu_r,0.3762645064313813
A_5_Mu_0.8_Lag_0,Mu_r,0.4384122959533399
A_5_Mu_0.8_Lag_2,Mu_r,0.4271866732641353
A_5_Mu_0.8_Lag_4,Mu_r,0.4295403379403285
A_5_Mu_0.8_Lag_6,Mu_r,0.43171636880280584
A_5_Mu_0.8_Lag_8,Mu_r,0.4322113690859988
A_5_Mu_0.8_Lag_10,Mu_r,0.4326788203399065
A_5_Mu_0.9_Lag_0,Mu_r,0.49278687442799474
A_5_Mu_0.9_Lag_2,Mu_r,0.4892555288593683
A_5_Mu_0.9_Lag_4,Mu_r,0.48265540426441395
A_5_Mu_0.9_Lag_6,Mu_r,0.49000159795787723
A_5_Mu_0.9_Lag_8,Mu_r,0.48097526844737964
A_5_Mu_0.9_Lag_10,Mu_r,0.4845367206150631
A_5_Mu_1_Lag_0,Mu_r,0.5483352352837056
A_5_Mu_1_Lag_2,Mu_r,0.5335458491504703
A_5_Mu_1_Lag_4,Mu_r,0.5329271715505877
A_5_Mu_1_Lag_6,Mu_r,0.5384218389531786
A_5_Mu_1_Lag_8,Mu_r,0.5373392004763001
A_5_Mu_1_Lag_10,Mu_r,0.538648212313141
A_1_Mu_0.1_Lag_0,T_d,2.6473002511002215
A_1_Mu_0.1_Lag_2,T_d,2.558723019933042
A_1_Mu_0.1_Lag_4,T_d,2.578114152707894
A_1_Mu_0.1_Lag_6,T_d,2.536784277604413
A_1_Mu_0.1_Lag_8,T_d,2.5960481508095503
A_1_Mu_0.1_Lag_10,T_d,2.5445377637318844
A_1_Mu_0.2_Lag_0,T_d,1.3590410377499633
A_1_Mu_0.2_Lag_2,T_d,1.3200604606143198
A_1_Mu_0.2_Lag_4,T_d,1.312132884346463
A_1_Mu_0.2_Lag_6,T_d,1.3552738078245585
A_1_Mu_0.2_Lag_8,T_d,1.3934162479492658
A_1_Mu_0.2_Lag_10,T_d,1.3432098534788144
A_1_Mu_0.3_Lag_0,T_d,0.9591891641128568
A_1_Mu_0.3_Lag_2,T_d,0.9015115100514046
A_1_Mu_0.3_Lag_4,T_d,0.8583511777234782
A_1_Mu_0.3_Lag_6,T_d,0.9254781181879441
A_1_Mu_0.3_Lag_8,T_d,0.8636944181129839
A_1_Mu_0.3_Lag_10,T_d,0.8909081472583724
A_1_Mu_0.4_Lag_0,T_d,0.7239803841685376
A_1_Mu_0.4_Lag_2,T_d,0.6990413441496589
A_1_Mu_0.4_Lag_4,T_d,0.6959014403705744
A_1_Mu_0.4_Lag_6,T_d,0.668914798704935
A_1_Mu_0.4_Lag_8,T_d,0.7155738937819244
A_1_Mu_0.4_Lag_10,T_d,0.6851098625339823
A_1_Mu_0.5_Lag_0,T_d,0.5897418158289067
A_1_Mu_0.5_Lag_2,T_d,0.584132713440006
A_1_Mu_0.5_Lag_4,T_d,0.5629541391664549
A_1_Mu_0.5_Lag_6,T_d,0.5630451710242291
A_1_Mu_0.5_Lag_8,T_d,0.5600135006822267
A_1_Mu_0.5_Lag_10,T_d,0.5467717274079743
A_1_Mu_0.6_Lag_0,T_d,0.4964303112113362
A_1_Mu_0.6_Lag_2,T_d,0.4757242158948744
A_1_Mu_0.6_Lag_4,T_d,0.4967370503654353
A_1_Mu_0.6_Lag_6,T_d,0.5322776713062913
A_1_Mu_0.6_Lag_8,T_d,0.49643373784387773
A_1_Mu_0.6_Lag_10,T_d,0.514247274475312
A_1_Mu_0.7_Lag_0,T_d,0.44188332307517475
A_1_Mu_0.7_Lag_2,T_d,0.22293346770410324
A_1_Mu_0.7_Lag_4,T_d,0.23350381305730988
A_1_Mu_0.7_Lag_6,T_d,0.39884756758708445
A_1_Mu_0.7_Lag_8,T_d,0.4084623927086071
A_1_Mu_0.7_Lag_10,T_d,0.3899407057326549
A_1_Mu_0.8_Lag_0,T_d,0.28257171260131425
A_1_Mu_0.8_Lag_2,T_d,0.38960856345333994
A_1_Mu_0.8_Lag_4,T_d,0.37481584991781364
A_1_Mu_0.8_Lag_6,T_d,0.37627869986236545
A_1_Mu_0.8_Lag_8,T_d,0.35814427209634303
A_1_Mu_0.8_Lag_10,T_d,0.34247861177179195
A_1_Mu_0.9_Lag_0,T_d,0.338878959675664
A_1_Mu_0.9_Lag_2,T_d,0.3175888370630389
A_1_Mu_0.9_Lag_4,T_d,0.3347020709793748
A_1_Mu_0.9_Lag_6,T_d,0.37438588189640826
A_1_Mu_0.9_Lag_8,T_d,0.37250959831346325
A_1_Mu_0.9_Lag_10,T_d,0.40759360148919865
A_1_Mu_1_Lag_0,T_d,0.27488268901521323
A_1_Mu_1_Lag_2,T_d,0.08935876286796349
A_1_Mu_1_Lag_4,T_d,0.31048825758411475
A_1_Mu_1_Lag_6,T_d,0.2939199552817145
A_1_Mu_1_Lag_8,T_d,0.33573672991556747
A_1_Mu_1_Lag_10,T_d,0.369236360688804
A_2_Mu_0.1_Lag_0,T_d,5.117713995856666
A_2_Mu_0.1_Lag_2,T_d,4.93800936955096
A_2_Mu_0.1_Lag_4,T_d,5.087960986445815
A_2_Mu_0.1_Lag_6,T_d,4.994080212570305
A_2_Mu_0.1_Lag_8,T_d,5.078821720304325
A_2_Mu_0.1_Lag_10,T_d,4.9313416722120715
A_2_Mu_0.2_Lag_0,T_d,2.644922417436871
A_2_Mu_0.2_Lag_2,T_d,2.6140126440288216
A_2_Mu_0.2_Lag_4,T_d,2.571294128367462
A_2_Mu_0.2_Lag_6,T_d,2.5354615189616077
A_2_Mu_0.2_Lag_8,T_d,2.615289122354312
A_2_Mu_0.2_Lag_10,T_d,2.6051310663635743
A_2_Mu_0.3_Lag_0,T_d,1.7591621507211883
A_2_Mu_0.3_Lag_2,T_d,1.7427122308519931
A_2_Mu_0.3_Lag_4,T_d,1.7241674706225356
A_2_Mu_0.3_Lag_6,T_d,1.8023572844315416
A_2_Mu_0.3_Lag_8,T_d,1.7189555930745835
A_2_Mu_0.3_Lag_10,T_d,1.7779144988439226
A_2_Mu_0.4_Lag_0,T_d,1.332263827283145
A_2_Mu_0.4_Lag_2,T_d,1.2586997294722988
A_2_Mu_0.4_Lag_4,T_d,1.3426416993558177
A_2_Mu_0.4_Lag_6,T_d,1.3152022411565192
A_2_Mu_0.4_Lag_8,T_d,1.3702181263301996
A_2_Mu_0.4_Lag_10,T_d,1.3005524019216224
A_2_Mu_0.5_Lag_0,T_d,1.0645649480730013
A_2_Mu_0.5_Lag_2,T_d,1.0265785562573366
A_2_Mu_0.5_Lag_4,T_d,1.0040494633940946
A_2_Mu_0.5_Lag_6,T_d,1.033446360841359
A_2_Mu_0.5_Lag_8,T_d,1.0551611353637782
A_2_Mu_0.5_Lag_10,T_d,1.0157930714743737
A_2_Mu_0.6_Lag_0,T_d,0.9054827316637226
A_2_Mu_0.6_Lag_2,T_d,0.8764629984947923
A_2_Mu_0.6_Lag_4,T_d,0.8873432992230316
A_2_Mu_0.6_Lag_6,T_d,0.8882720092812325
A_2_Mu_0.6_Lag_8,T_d,0.8995274326614847
A_2_Mu_0.6_Lag_10,T_d,0.8739962104847178
A_2_Mu_0.7_Lag_0,T_d,0.7487546860856914
A_2_Mu_0.7_Lag_2,T_d,0.7732523169102884
A_2_Mu_0.7_Lag_4,T_d,0.745974548268853
A_2_Mu_0.7_Lag_6,T_d,0.7458138259834239
A_2_Mu_0.7_Lag_8,T_d,0.7571822996568284
A_2_Mu_0.7_Lag_10,T_d,0.7633771935929641
A_2_Mu_0.8_Lag_0,T_d,0.6812088764301271
A_2_Mu_0.8_Lag_2,T_d,0.6489291493461679
A_2_Mu_0.8_Lag_4,T_d,0.6608292891908322
A_2_Mu_0.8_Lag_6,T_d,0.6463298290368342
A_2_Mu_0.8_Lag_8,T_d,0.6468974293514619
A_2_Mu_0.8_Lag_10,T_d,0.6233464766111712
A_2_Mu_0.9_Lag_0,T_d,0.6065406542662265
A_2_Mu_0.9_Lag_2,T_d,0.6097063505313183
A_2_Mu_0.9_Lag_4,T_d,0.5936522635852186
A_2_Mu_0.9_Lag_6,T_d,0.5955557936382169
A_2_Mu_0.9_Lag_8,T_d,0.5959738231269329
A_2_Mu_0.9_Lag_10,T_d,0.6040071917746829
A_2_Mu_1_Lag_0,T_d,0.5723400806248112
A_2_Mu_1_Lag_2,T_d,0.5570225583861796
A_2_Mu_1_Lag_4,T_d,0.5508258088751815
A_2_Mu_1_Lag_6,T_d,0.5702385764389181
A_2_Mu_1_Lag_8,T_d,0.5592451487697775
A_2_Mu_1_Lag_10,T_d,0.5333696349974703
A_3_Mu_0.1_Lag_0,T_d,7.326599714125536
A_3_Mu_0.1_Lag_2,T_d,7.095971084306564
A_3_Mu_0.1_Lag_4,T_d,7.149218348961636
A_3_Mu_0.1_Lag_6,T_d,7.1585656893032965
A_3_Mu_0.1_Lag_8,T_d,7.174884688109001
A_3_Mu_0.1_Lag_10,T_d,6.956474043289453
A_3_Mu_0.2_Lag_0,T_d,3.936379111469789
A_3_Mu_0.2_Lag_2,T_d,3.6085853100147034
A_3_Mu_0.2_Lag_4,T_d,3.888630836493868
A_3_Mu_0.2_Lag_6,T_d,3.823882462122971
A_3_Mu_0.2_Lag_8,T_d,3.787587496742291
A_3_Mu_0.2_Lag_10,T_d,3.833854817957192
A_3_Mu_0.3_Lag_0,T_d,2.581959449808373
A_3_Mu_0.3_Lag_2,T_d,2.5298092141133552
A_3_Mu_0.3_Lag_4,T_d,2.5520326283239876
A_3_Mu_0.3_Lag_6,T_d,2.5794004753737623
A_3_Mu_0.3_Lag_8,T_d,2.5505708776901836
A_3_Mu_0.3_Lag_10,T_d,2.5489988741715233
A_3_Mu_0.4_Lag_0,T_d,1.9361497481337335
A_3_Mu_0.4_Lag_2,T_d,1.9245970123944598
A_3_Mu_0.4_Lag_4,T_d,1.9459861570332773
A_3_Mu_0.4_Lag_6,T_d,1.9168721638737491
A_3_Mu_0.4_Lag_8,T_d,1.963148240718241
A_3_Mu_0.4_Lag_10,T_d,1.9411710684281687
A_3_Mu_0.5_Lag_0,T_d,1.5423924809788934
A_3_Mu_0.5_Lag_2,T_d,1.5376628414348075
A_3_Mu_0.5_Lag_4,T_d,1.5649660254293998
A_3_Mu_0.5_Lag_6,T_d,1.5300787125713264
A_3_Mu_0.5_Lag_8,T_d,1.5508560659406037
A_3_Mu_0.5_Lag_10,T_d,1.5519562168151366
A_3_Mu_0.6_Lag_0,T_d,1.3006357980779943
A_3_Mu_0.6_Lag_2,T_d,1.2853325766169506
A_3_Mu_0.6_Lag_4,T_d,1.2789129752054411
A_3_Mu_0.6_Lag_6,T_d,1.3095631042809002
A_3_Mu_0.6_Lag_8,T_d,1.2906886315643735
A_3_Mu_0.6_Lag_10,T_d,1.3162604504872908
A_3_Mu_0.7_Lag_0,T_d,1.143219176144844
A_3_Mu_0.7_Lag_2,T_d,1.125172290703716
A_3_Mu_0.7_Lag_4,T_d,1.1013205931380123
A_3_Mu_0.7_Lag_6,T_d,1.0849445684979273
A_3_Mu_0.7_Lag_8,T_d,1.113557955314019
A_3_Mu_0.7_Lag_10,T_d,1.0967715367106408
A_3_Mu_0.8_Lag_0,T_d,0.9944847902996331
A_3_Mu_0.8_Lag_2,T_d,0.994692632879712
A_3_Mu_0.8_Lag_4,T_d,0.9543292753891897
A_3_Mu_0.8_Lag_6,T_d,0.9768580882574487
A_3_Mu_0.8_Lag_8,T_d,0.9812008123953558
A_3_Mu_0.8_Lag_10,T_d,0.9782570543587139
A_3_Mu_0.9_Lag_0,T_d,0.8816138514322676
A_3_Mu_0.9_Lag_2,T_d,0.875753822002704
A_3_Mu_0.9_Lag_4,T_d,0.8876257094900831
A_3_Mu_0.9_Lag_6,T_d,0.8865104702261765
A_3_Mu_0.9_Lag_8,T_d,0.899261506680902
A_3_Mu_0.9_Lag_10,T_d,0.8789202213370374
A_3_Mu_1_Lag_0,T_d,0.7872270927657239
A_3_Mu_1_Lag_2,T_d,0.7880063249071717
A_3_Mu_1_Lag_4,T_d,0.7783835756722738
A_3_Mu_1_Lag_6,T_d,0.7909358512386585
A_3_Mu_1_Lag_8,T_d,0.7698014168692903
A_3_Mu_1_Lag_10,T_d,0.7785256319140371
A_4_Mu_0.1_Lag_0,T_d,9.157064516259913
A_4_Mu_0.1_Lag_2,T_d,8.987678374640186
A_4_Mu_0.1_Lag_4,T_d,8.742773751338275
A_4_Mu_0.1_Lag_6,T_d,8.707816023114482
A_4_Mu_0.1_Lag_8,T_d,8.571840886109415
A_4_Mu_0.1_Lag_10,T_d,8.278330355023755
A_4_Mu_0.2_Lag_0,T_d,5.0878436809968015
A_4_Mu_0.2_Lag_2,T_d,5.023184441780218
A_4_Mu_0.2_Lag_4,T_d,5.051790719613502
A_4_Mu_0.2_Lag_6,T_d,5.069512624965986
A_4_Mu_0.2_Lag_8,T_d,5.03634219785756
A_4_Mu_0.2_Lag_10,T_d,5.087987962978639
A_4_Mu_0.3_Lag_0,T_d,3.381277323908379
A_4_Mu_0.3_Lag_2,T_d,3.397339686818745
A_4_Mu_0.3_Lag_4,T_d,3.4133255957289674
A_4_Mu_0.3_Lag_6,T_d,3.4202350615408283
A_4_Mu_0.3_Lag_8,T_d,3.3774096932709465
A_4_Mu_0.3_Lag_10,T_d,3.4194036584700878
A_4_Mu_0.4_Lag_0,T_d,2.552318952352927
A_4_Mu_0.4_Lag_2,T_d,2.546945572695196
A_4_Mu_0.4_Lag_4,T_d,2.5658090490042076
A_4_Mu_0.4_Lag_6,T_d,2.554873010193213
A_4_Mu_0.4_Lag_8,T_d,2.5658703472526785
A_4_Mu_0.4_Lag_10,T_d,2.5206605913113003
A_4_Mu_0.5_Lag_0,T_d,1.995945442801704
A_4_Mu_0.5_Lag_2,T_d,2.0662603951401652
A_4_Mu_0.5_Lag_4,T_d,2.041433919822667
A_4_Mu_0.5_Lag_6,T_d,2.0500553000859427
A_4_Mu_0.5_Lag_8,T_d,2.0662940008997674
A_4_Mu_0.5_Lag_10,T_d,2.049012613137851
A_4_Mu_0.6_Lag_0,T_d,1.7084195593031597
A_4_Mu_0.6_Lag_2,T_d,1.6821609047730324
A_4_Mu_0.6_Lag_4,T_d,1.7106209311700131
A_4_Mu_0.6_Lag_6,T_d,1.7064825763756075
A_4_Mu_0.6_Lag_8,T_d,1.7300932641468154
A_4_Mu_0.6_Lag_10,T_d,1.7015245613693002
A_4_Mu_0.7_Lag_0,T_d,1.453291340221144
A_4_Mu_0.7_Lag_2,T_d,1.46698575480404
A_4_Mu_0.7_Lag_4,T_d,1.4933798112230243
A_4_Mu_0.7_Lag_6,T_d,1.460995221151335
A_4_Mu_0.7_Lag_8,T_d,1.4489554090741863
A_4_Mu_0.7_Lag_10,T_d,1.4610485878350636
A_4_Mu_0.8_Lag_0,T_d,1.2760645351883786
A_4_Mu_0.8_Lag_2,T_d,1.2856363755909648
A_4_Mu_0.8_Lag_4,T_d,1.2793248011402494
A_4_Mu_0.8_Lag_6,T_d,1.26297310130155
A_4_Mu_0.8_Lag_8,T_d,1.2862188603558053
A_4_Mu_0.8_Lag_10,T_d,1.2862468919378942
A_4_Mu_0.9_Lag_0,T_d,1.1610207354648607
A_4_Mu_0.9_Lag_2,T_d,1.1188622794433785
A_4_Mu_0.9_Lag_4,T_d,1.1737344521626505
A_4_Mu_0.9_Lag_6,T_d,1.1436890367249797
A_4_Mu_0.9_Lag_8,T_d,1.15063642532046
A_4_Mu_0.9_Lag_10,T_d,1.159186241306371
A_4_Mu_1_Lag_0,T_d,1.0271014673732333
A_4_Mu_1_Lag_2,T_d,1.0115731025409642
A_4_Mu_1_Lag_4,T_d,1.0189409310800468
A_4_Mu_1_Lag_6,T_d,1.0168750560147728
A_4_Mu_1_Lag_8,T_d,1.0496886637454927
A_4_Mu_1_Lag_10,T_d,1.0182721168433377
A_5_Mu_0.1_Lag_0,T_d,10.27572363455826
A_5_Mu_0.1_Lag_2,T_d,10.22971986518278
A_5_Mu_0.1_Lag_4,T_d,9.873054243730445
A_5_Mu_0.1_Lag_6,T_d,9.659632562313396
A_5_Mu_0.1_Lag_8,T_d,9.308850287097975
A_5_Mu_0.1_Lag_10,T_d,9.138921031117993
A_5_Mu_0.2_Lag_0,T_d,6.287008237253211
A_5_Mu_0.2_Lag_2,T_d,6.251591571862218
A_5_Mu_0.2_Lag_4,T_d,6.150547794031941
A_5_Mu_0.2_Lag_6,T_d,6.263147656317079
A_5_Mu_0.2_Lag_8,T_d,6.164521613120091
A_5_Mu_0.2_Lag_10,T_d,6.152775274691729
A_5_Mu_0.3_Lag_0,T_d,4.215114305724467
A_5_Mu_0.3_Lag_2,T_d,4.227286032042721
A_5_Mu_0.3_Lag_4,T_d,4.277678176076211
A_5_Mu_0.3_Lag_6,T_d,4.27284058578862
A_5_Mu_0.3_Lag_8,T_d,4.219214265279434
A_5_Mu_0.3_Lag_10,T_d,4.193265192076726
A_5_Mu_0.4_Lag_0,T_d,3.1779983354452486
A_5_Mu_0.4_Lag_2,T_d,3.167814925811713
A_5_Mu_0.4_Lag_4,T_d,3.153528949026378
A_5_Mu_0.4_Lag_6,T_d,3.205329193491343
A_5_Mu_0.4_Lag_8,T_d,3.194664474432657
A_5_Mu_0.4_Lag_10,T_d,3.1782188710205466
A_5_Mu_0.5_Lag_0,T_d,2.558382909348561
A_5_Mu_0.5_Lag_2,T_d,2.5223557291480336
A_5_Mu_0.5_Lag_4,T_d,2.5026956316973465
A_5_Mu_0.5_Lag_6,T_d,2.5946266040624058
A_5_Mu_0.5_Lag_8,T_d,2.562748834186658
A_5_Mu_0.5_Lag_10,T_d,2.5917200678518393
A_5_Mu_0.6_Lag_0,T_d,2.140689711090761
A_5_Mu_0.6_Lag_2,T_d,2.13455997140014
A_5_Mu_0.6_Lag_4,T_d,2.1548229379222583
A_5_Mu_0.6_Lag_6,T_d,2.1300278376320327
A_5_Mu_0.6_Lag_8,T_d,2.1213232321539404
A_5_Mu_0.6_Lag_10,T_d,2.145111554266105
A_5_Mu_0.7_Lag_0,T_d,1.8245419898154778
A_5_Mu_0.7_Lag_2,T_d,1.80367229264202
A_5_Mu_0.7_Lag_4,T_d,1.8568099725786358
A_5_Mu_0.7_Lag_6,T_d,1.8332054886471127
A_5_Mu_0.7_Lag_8,T_d,1.8297716383477567
A_5_Mu_0.7_Lag_10,T_d,1.842180616859096
A_5_Mu_0.8_Lag_0,T_d,1.581039553310605
A_5_Mu_0.8_Lag_2,T_d,1.6225861524742908
A_5_Mu_0.8_Lag_4,T_d,1.613695197716767
A_5_Mu_0.8_Lag_6,T_d,1.605561499746035
A_5_Mu_0.8_Lag_8,T_d,1.603722692500546
A_5_Mu_0.8_Lag_10,T_d,1.601990085891929
A_5_Mu_0.9_Lag_0,T_d,1.406586125826748
A_5_Mu_0.9_Lag_2,T_d,1.4167385745766066
A_5_Mu_0.9_Lag_4,T_d,1.4361119225761683
A_5_Mu_0.9_Lag_6,T_d,1.4145814696292713
A_5_Mu_0.9_Lag_8,T_d,1.441128527871029
A_5_Mu_0.9_Lag_10,T_d,1.430535914140987
A_5_Mu_1_Lag_0,T_d,1.2640938169901024
A_5_Mu_1_Lag_2,T_d,1.299133301596475
A_5_Mu_1_Lag_4,T_d,1.3006414714100365
A_5_Mu_1_Lag_6,T_d,1.287368249972159
A_5_Mu_1_Lag_8,T_d,1.2899620573848627
A_5_Mu_1_Lag_10,T_d,1.2868272180526368
